,date,open,high,low,close,volume
0,2012-12-05,23.2600,23.3100,23.1900,23.2500,1000
1,2012-12-06,23.2800,23.3200,23.2400,23.2600,1000
2,2012-12-07,23.3200,23.3500,23.2600,23.2800,1000
3,2012-12-10,23.3200,23.3500,23.2600,23.3100,1000
4,2012-12-11,23.3500,23.3800,23.2700,23.3200,1000
5,2012-12-12,23.3500,23.4300,23.3200,23.3700,1000
6,2012-12-13,23.3600,23.4500,23.3200,23.4300,1000
7,2012-12-14,23.3900,23.4700,23.3700,23.4300,1000
8,2012-12-17,23.4500,23.4800,23.3900,23.4400,1000
9,2012-12-18,23.4600,23.5300,23.4400,23.4400,1000
10,2012-12-19,23.4800,23.5900,23.4400,23.4900,1000
11,2012-12-20,23.5300,23.6100,23.4400,23.5200,1000
12,2012-12-21,23.5500,23.6100,23.4500,23.5400,1000
13,2012-12-24,23.5600,23.6400,23.4900,23.5400,1000
14,2012-12-27,23.5900,23.6800,23.5300,23.5600,1000
15,2012-12-28,23.5900,23.7100,23.5300,23.6000,1000
16,2012-12-31,23.6000,23.7300,23.5500,23.6000,1000
17,2013-01-02,23.6100,23.7400,23.5600,23.6000,1000
18,2013-01-03,23.6100,23.7500,23.5900,23.6100,1000
19,2013-01-04,23.7100,23.7600,23.6000,23.6500,1000
20,2013-01-07,23.7200,23.7800,23.6000,23.6500,1000
21,2013-01-08,23.7300,23.7800,23.6000,23.6600,1000
22,2013-01-09,23.7300,23.7800,23.6100,23.6700,10000
23,2013-01-10,23.7300,23.7900,23.6400,23.7000,10000
24,2013-01-11,23.7400,23.8100,23.6500,23.7100,10000
25,2013-01-14,23.7500,23.8200,23.6600,23.7600,10100
26,2013-01-15,23.7800,23.8500,23.6700,23.7600,10200
27,2013-01-16,23.7800,23.8600,23.7000,23.7800,10200
28,2013-01-17,23.8000,23.8600,23.7100,23.7800,10300
29,2013-01-18,23.8100,23.8800,23.7200,23.7900,10400
30,2013-01-21,23.8500,23.8800,23.7300,23.7900,10500
31,2013-01-22,23.8600,23.9000,23.7300,23.8000,10500
32,2013-01-23,23.8800,23.9200,23.7600,23.8200,10500
33,2013-01-24,23.8800,23.9200,23.7700,23.8200,10500
34,2013-01-25,23.9000,23.9200,23.7900,23.8300,10600
35,2013-01-28,23.9000,23.9200,23.8000,23.8400,10700
36,2013-01-29,23.9000,23.9300,23.8000,23.8500,10700
37,2013-01-30,23.9100,23.9300,23.8200,23.8600,10700
38,2013-01-31,23.9200,23.9300,23.8300,23.8700,10800
39,2013-02-01,23.9200,23.9400,23.8400,23.8800,10800
40,2013-02-04,23.9200,23.9600,23.8500,23.8900,10900
41,2013-02-05,23.9200,23.9700,23.8600,23.9000,10900
42,2013-02-06,23.9200,23.9700,23.8800,23.9000,1100
43,2013-02-07,23.9300,23.9800,23.8800,23.9000,1100
44,2013-02-08,23.9300,23.9800,23.8900,23.9000,1100
45,2013-02-11,23.9500,23.9800,23.9000,23.9100,1100
46,2013-02-12,23.9500,24.0000,23.9000,23.9100,1100
47,2013-02-13,23.9700,24.0000,23.9000,23.9100,1100
48,2013-02-14,23.9700,24.0100,23.9000,23.9300,1100
49,2013-02-15,23.9800,24.0100,23.9100,23.9300,1100
50,2013-02-19,23.9800,24.0200,23.9100,23.9400,1100
51,2013-02-20,23.9800,24.0200,23.9100,23.9600,1100
52,2013-02-21,23.9900,24.0300,23.9200,23.9600,1100
53,2013-02-22,24.0000,24.0400,23.9200,23.9700,1100
54,2013-02-25,24.0100,24.0800,23.9300,23.9800,1100
55,2013-02-26,24.0100,24.1000,23.9300,24.0000,1100
56,2013-02-27,24.0100,24.1000,23.9500,24.0000,1100
57,2013-02-28,24.0400,24.1200,23.9700,24.0400,1100
58,2013-03-01,24.0400,24.1200,23.9800,24.0400,1100
59,2013-03-04,24.0500,24.1300,23.9800,24.0800,1100
60,2013-03-05,24.0700,24.1300,24.0000,24.0900,1100
61,2013-03-06,24.0800,24.1600,24.0400,24.1000,1100
62,2013-03-07,24.1000,24.1800,24.0400,24.1200,1100
63,2013-03-08,24.1200,24.1900,24.0400,24.1200,1100
64,2013-03-11,24.1300,24.1900,24.0500,24.1300,1100
65,2013-03-12,24.1600,24.2000,24.0700,24.1500,11000
66,2013-03-13,24.1800,24.2000,24.0800,24.1500,11100
67,2013-03-14,24.1900,24.2000,24.1000,24.1600,11300
68,2013-03-15,24.1900,24.2000,24.1200,24.1800,11300
69,2013-03-18,24.2000,24.2100,24.1500,24.1800,11300
70,2013-03-19,24.2000,24.2300,24.1500,24.1800,11400
71,2013-03-20,24.2000,24.2300,24.1500,24.1900,11400
72,2013-03-21,24.2000,24.2300,24.1600,24.2000,11500
73,2013-03-22,24.2000,24.2500,24.1700,24.2000,11600
74,2013-03-25,24.2100,24.2700,24.1800,24.2000,11600
75,2013-03-26,24.2300,24.2700,24.1800,24.2000,11600
76,2013-03-27,24.2500,24.2800,24.1900,24.2100,11600
77,2013-03-28,24.2500,24.2900,24.2000,24.2200,11700
78,2013-04-01,24.2700,24.2900,24.2000,24.2300,11700
79,2013-04-02,24.2700,24.3200,24.2000,24.2500,11700
80,2013-04-03,24.2900,24.3300,24.2000,24.2500,11700
81,2013-04-04,24.2900,24.3300,24.2100,24.2500,11700
82,2013-04-05,24.2900,24.3400,24.2200,24.2500,11800
83,2013-04-08,24.3000,24.3500,24.2200,24.2700,11800
84,2013-04-09,24.3000,24.3500,24.2500,24.3000,11800
85,2013-04-10,24.3100,24.3500,24.2500,24.3100,1200
86,2013-04-11,24.3200,24.3600,24.2500,24.3100,1200
87,2013-04-12,24.3200,24.3700,24.2700,24.3200,1200
88,2013-04-15,24.3200,24.3700,24.2900,24.3300,1200
89,2013-04-16,24.3300,24.3700,24.2900,24.3300,1200
90,2013-04-17,24.3400,24.3700,24.3000,24.3400,1200
91,2013-04-18,24.3400,24.3900,24.3100,24.3500,1200
92,2013-04-19,24.3400,24.3900,24.3100,24.3500,1200
93,2013-04-22,24.3500,24.4000,24.3200,24.3500,1200
94,2013-04-23,24.3500,24.4000,24.3200,24.3600,1200
95,2013-04-24,24.3700,24.4000,24.3300,24.3600,1200
96,2013-04-25,24.3700,24.4100,24.3400,24.3700,1200
97,2013-04-26,24.3700,24.4200,24.3400,24.3700,1200
98,2013-04-29,24.3800,24.4200,24.3400,24.3700,1200
99,2013-04-30,24.3900,24.4200,24.3400,24.3800,1200
100,2013-05-01,24.3900,24.4300,24.3500,24.4000,1200
101,2013-05-02,24.4000,24.4300,24.3500,24.4000,1200
102,2013-05-03,24.4100,24.4300,24.3500,24.4000,1200
103,2013-05-06,24.4200,24.4400,24.3600,24.4100,1200
104,2013-05-07,24.4200,24.4400,24.3700,24.4200,1200
105,2013-05-08,24.4300,24.4400,24.3700,24.4200,1200
106,2013-05-09,24.4400,24.4700,24.3800,24.4300,1200
107,2013-05-10,24.4400,24.4800,24.3900,24.4300,1200
108,2013-05-13,24.4700,24.4800,24.3900,24.4400,1200
109,2013-05-14,24.4700,24.4900,24.4200,24.4400,1200
110,2013-05-15,24.4800,24.5100,24.4300,24.4400,1200
111,2013-05-16,24.4900,24.5100,24.4300,24.4500,1200
112,2013-05-17,24.5100,24.5200,24.4400,24.4600,12000
113,2013-05-21,24.5100,24.5200,24.4400,24.4700,12000
114,2013-05-22,24.5200,24.5300,24.4500,24.4800,12100
115,2013-05-23,24.5200,24.5400,24.4600,24.4800,12200
116,2013-05-24,24.5200,24.5400,24.4700,24.4900,12200
117,2013-05-27,24.5200,24.5700,24.4700,24.4900,12300
118,2013-05-28,24.5300,24.5900,24.4800,24.5000,12300
119,2013-05-29,24.5400,24.6000,24.4800,24.5000,12300
120,2013-05-30,24.5700,24.6100,24.4800,24.5100,12300
121,2013-05-31,24.5800,24.6100,24.4900,24.5100,12400
122,2013-06-03,24.5900,24.6200,24.5000,24.5200,12400
123,2013-06-04,24.6000,24.6200,24.5100,24.5300,12400
124,2013-06-05,24.6000,24.6200,24.5100,24.5300,12400
125,2013-06-06,24.6000,24.6200,24.5100,24.5300,12400
126,2013-06-07,24.6000,24.6300,24.5100,24.5300,12400
127,2013-06-10,24.6100,24.6300,24.5200,24.5500,12500
128,2013-06-11,24.6100,24.6500,24.5200,24.5600,12700
129,2013-06-12,24.6200,24.6500,24.5300,24.5600,12800
130,2013-06-13,24.6200,24.6600,24.5300,24.5700,12800
131,2013-06-14,24.6200,24.6600,24.5500,24.5800,128700
132,2013-06-17,24.6300,24.6600,24.5600,24.5800,12900
133,2013-06-18,24.6500,24.6700,24.5600,24.6000,12900
134,2013-06-19,24.6500,24.6800,24.5600,24.6000,1300
135,2013-06-20,24.6600,24.6900,24.5700,24.6100,1300
136,2013-06-21,24.6600,24.6900,24.5800,24.6100,1300
137,2013-06-24,24.6600,24.7000,24.5800,24.6200,1300
138,2013-06-25,24.6600,24.7000,24.6000,24.6200,1300
139,2013-06-26,24.6700,24.7100,24.6000,24.6200,1300
140,2013-06-27,24.6700,24.7300,24.6000,24.6300,1300
141,2013-06-28,24.6800,24.7300,24.6000,24.6300,1300
142,2013-07-02,24.6900,24.7300,24.6000,24.6400,1300
143,2013-07-03,24.6900,24.7300,24.6100,24.6500,1300
144,2013-07-04,24.7000,24.7400,24.6200,24.6700,1300
145,2013-07-05,24.7000,24.7500,24.6200,24.6900,1300
146,2013-07-08,24.7000,24.7500,24.6300,24.6900,1300
147,2013-07-09,24.7300,24.7500,24.6400,24.7000,1300
148,2013-07-10,24.7300,24.7600,24.6400,24.7000,1300
149,2013-07-11,24.7300,24.7700,24.6400,24.7000,1300
150,2013-07-12,24.7400,24.7800,24.6500,24.7200,1300
151,2013-07-15,24.7500,24.7800,24.6600,24.7300,1300
152,2013-07-16,24.7500,24.7900,24.6700,24.7400,1300
153,2013-07-17,24.7600,24.7900,24.6800,24.7400,1300
154,2013-07-18,24.7600,24.7900,24.6900,24.7400,1300
155,2013-07-19,24.7700,24.7900,24.6900,24.7500,1300
156,2013-07-22,24.7900,24.8200,24.6900,24.7700,1300
157,2013-07-23,24.7900,24.8300,24.7000,24.7800,1300
158,2013-07-24,24.7900,24.8800,24.7400,24.7900,13000
159,2013-07-25,24.7900,24.8800,24.7400,24.8300,13100
160,2013-07-26,24.7900,24.8900,24.7600,24.8600,13200
161,2013-07-29,24.8000,24.9100,24.7700,24.8600,13200
162,2013-07-30,24.8500,24.9100,24.7700,24.8800,132000
163,2013-07-31,24.8800,24.9400,24.7900,24.8800,132300
164,2013-08-01,24.9000,24.9900,24.7900,24.8900,13300
165,2013-08-02,24.9100,25.0000,24.8000,24.9000,13300
166,2013-08-06,24.9400,25.0100,24.8600,24.9100,13500
167,2013-08-07,24.9400,25.0200,24.8600,24.9300,13500
168,2013-08-08,24.9500,25.0300,24.8800,24.9900,13600
169,2013-08-09,24.9500,25.0500,24.8900,25.0000,13600
170,2013-08-12,25.0000,25.0500,24.9000,25.0100,13700
171,2013-08-13,25.0000,25.0600,24.9300,25.0200,13800
172,2013-08-14,25.0100,25.0800,24.9500,25.0300,13900
173,2013-08-15,25.0500,25.0800,24.9800,25.0500,13900
174,2013-08-16,25.0500,25.1000,24.9900,25.0500,13900
175,2013-08-19,25.0500,25.1300,24.9900,25.0600,1400
176,2013-08-20,25.0500,25.1400,25.0000,25.0800,1400
177,2013-08-21,25.0600,25.1700,25.0000,25.0900,1400
178,2013-08-22,25.0800,25.1800,25.0300,25.1100,1400
179,2013-08-23,25.1100,25.1800,25.0400,25.1300,1400
180,2013-08-26,25.1300,25.1900,25.0500,25.1500,1400
181,2013-08-27,25.1700,25.1900,25.0500,25.1700,1400
182,2013-08-28,25.1800,25.1900,25.0800,25.1700,1400
183,2013-08-29,25.1900,25.2000,25.1100,25.1700,1400
184,2013-08-30,25.2000,25.2000,25.1300,25.1800,1400
185,2013-09-03,25.2000,25.2000,25.1500,25.1800,1400
186,2013-09-04,25.2000,25.2100,25.1700,25.1800,1400
187,2013-09-05,25.2100,25.2500,25.1800,25.1900,1400
188,2013-09-06,25.2500,25.3200,25.1800,25.2000,1400
189,2013-09-09,25.2800,25.3600,25.1900,25.2000,1400
190,2013-09-10,25.2900,25.3800,25.2000,25.2400,1400
191,2013-09-11,25.3100,25.3900,25.2400,25.2500,1400
192,2013-09-12,25.3300,25.4000,25.2500,25.2700,14000
193,2013-09-13,25.3500,25.4000,25.2700,25.3100,14000
194,2013-09-16,25.3600,25.4000,25.2800,25.3100,14000
195,2013-09-17,25.3800,25.4000,25.3100,25.3200,14000
196,2013-09-18,25.3800,25.4100,25.3100,25.3600,144800
197,2013-09-19,25.3900,25.4200,25.3100,25.3600,14500
198,2013-09-20,25.4000,25.4300,25.3300,25.3700,14500
199,2013-09-23,25.4000,25.4300,25.3500,25.3800,14500
200,2013-09-24,25.4100,25.4300,25.3600,25.3800,14600
201,2013-09-25,25.4100,25.4500,25.3600,25.3900,14800
202,2013-09-26,25.4100,25.4500,25.3600,25.3900,14800
203,2013-09-27,25.4100,25.4500,25.3700,25.4000,14900
204,2013-09-30,25.4200,25.4500,25.3800,25.4100,14900
205,2013-10-01,25.4300,25.4500,25.3800,25.4100,1500
206,2013-10-02,25.4300,25.4600,25.3800,25.4100,1500
207,2013-10-03,25.4400,25.4600,25.3900,25.4300,1500
208,2013-10-04,25.4500,25.4700,25.4000,25.4300,1500
209,2013-10-07,25.4500,25.4800,25.4100,25.4400,1500
210,2013-10-08,25.4500,25.4900,25.4100,25.4500,1500
211,2013-10-09,25.4600,25.4900,25.4100,25.4500,1500
212,2013-10-10,25.4600,25.5000,25.4200,25.4500,1500
213,2013-10-11,25.4800,25.5100,25.4300,25.4500,1500
214,2013-10-15,25.4800,25.5100,25.4300,25.4600,1500
215,2013-10-16,25.4800,25.5100,25.4500,25.4700,1500
216,2013-10-17,25.4900,25.5100,25.4500,25.4700,1500
217,2013-10-18,25.4900,25.5200,25.4500,25.4800,1500
218,2013-10-21,25.4900,25.5300,25.4600,25.4800,1500
219,2013-10-22,25.5000,25.5400,25.4600,25.4900,1500
220,2013-10-23,25.5100,25.5500,25.4800,25.5000,1500
221,2013-10-24,25.5100,25.5600,25.4800,25.5000,1500
222,2013-10-25,25.5100,25.5600,25.4800,25.5100,1500
223,2013-10-28,25.5200,25.5800,25.4900,25.5200,1500
224,2013-10-29,25.5200,25.5900,25.5000,25.5200,1500
225,2013-10-30,25.5300,25.5900,25.5000,25.5200,1500
226,2013-10-31,25.5300,25.5900,25.5100,25.5300,1500
227,2013-11-01,25.5400,25.5900,25.5200,25.5400,1500
228,2013-11-04,25.5500,25.5900,25.5200,25.5500,15000
229,2013-11-05,25.5600,25.5900,25.5200,25.5500,15100
230,2013-11-06,25.5700,25.6000,25.5200,25.5600,15100
231,2013-11-07,25.5900,25.6200,25.5200,25.5600,15500
232,2013-11-08,25.5900,25.6300,25.5300,25.5700,15600
233,2013-11-11,25.5900,25.6300,25.5300,25.5900,15700
234,2013-11-12,25.5900,25.6300,25.5400,25.5900,15800
235,2013-11-13,25.5900,25.6500,25.5500,25.6000,1600
236,2013-11-14,25.6000,25.6500,25.5600,25.6200,1600
237,2013-11-15,25.6300,25.6600,25.5700,25.6200,1600
238,2013-11-18,25.6300,25.6600,25.5800,25.6200,1600
239,2013-11-19,25.6300,25.6600,25.5900,25.6300,1600
240,2013-11-20,25.6400,25.6700,25.5900,25.6300,1600
241,2013-11-21,25.6500,25.6700,25.5900,25.6300,1600
242,2013-11-22,25.6500,25.6800,25.6200,25.6300,1600
243,2013-11-25,25.6600,25.6900,25.6200,25.6400,1600
244,2013-11-26,25.6700,25.6900,25.6200,25.6500,1600
245,2013-11-27,25.6700,25.6900,25.6200,25.6500,1600
246,2013-11-28,25.6800,25.7100,25.6300,25.6600,1600
247,2013-11-29,25.6800,25.7200,25.6300,25.6600,1600
248,2013-12-02,25.6900,25.7200,25.6300,25.6700,1600
249,2013-12-03,25.6900,25.7400,25.6300,25.6800,1600
250,2013-12-04,25.6900,25.7400,25.6500,25.6900,1600
251,2013-12-05,25.7000,25.7400,25.6500,25.6900,1600
252,2013-12-06,25.7100,25.7500,25.6600,25.7000,1600
253,2013-12-09,25.7300,25.7500,25.6600,25.7100,1600
254,2013-12-10,25.7400,25.7600,25.6700,25.7100,1600
255,2013-12-11,25.7400,25.7700,25.6700,25.7100,1600
256,2013-12-12,25.7400,25.7700,25.6800,25.7200,1600
257,2013-12-13,25.7400,25.7700,25.6800,25.7200,1600
258,2013-12-16,25.7500,25.7700,25.6800,25.7200,1600
259,2013-12-17,25.7500,25.7700,25.6800,25.7400,1600
260,2013-12-18,25.7700,25.7700,25.6900,25.7500,16200
261,2013-12-19,25.7700,25.8000,25.7000,25.7500,16200
262,2013-12-20,25.7700,25.8100,25.7200,25.7600,16200
263,2013-12-23,25.8000,25.8300,25.7300,25.7600,16300
264,2013-12-24,25.8000,25.8500,25.7400,25.7600,16600
265,2013-12-27,25.8100,25.8600,25.7500,25.7700,1700
266,2013-12-30,25.8200,25.8700,25.7500,25.7700,1700
267,2013-12-31,25.8200,25.8700,25.7500,25.7700,1700
268,2014-01-02,25.8400,25.8800,25.7600,25.7800,1700
269,2014-01-03,25.8400,25.8800,25.7700,25.7800,1700
270,2014-01-06,25.8500,25.8800,25.7700,25.8000,1700
271,2014-01-07,25.8600,25.8900,25.7700,25.8000,1700
272,2014-01-08,25.8600,25.8900,25.7700,25.8000,1700
273,2014-01-09,25.8600,25.8900,25.8000,25.8100,1700
274,2014-01-10,25.8700,25.8900,25.8000,25.8200,1700
275,2014-01-13,25.8700,25.8900,25.8000,25.8300,1700
276,2014-01-14,25.8700,25.9000,25.8200,25.8500,1700
277,2014-01-15,25.8700,25.9000,25.8200,25.8500,1700
278,2014-01-16,25.8800,25.9000,25.8200,25.8500,1700
279,2014-01-17,25.8800,25.9000,25.8300,25.8600,1700
280,2014-01-20,25.8900,25.9000,25.8400,25.8600,1700
281,2014-01-21,25.8900,25.9100,25.8400,25.8600,1700
282,2014-01-22,25.8900,25.9100,25.8400,25.8700,1700
283,2014-01-23,25.8900,25.9100,25.8500,25.8700,1700
284,2014-01-24,25.8900,25.9100,25.8500,25.8700,1700
285,2014-01-27,25.9000,25.9200,25.8500,25.8700,1700
286,2014-01-28,25.9000,25.9300,25.8500,25.8800,1700
287,2014-01-29,25.9000,25.9300,25.8600,25.8800,1700
288,2014-01-30,25.9000,25.9400,25.8600,25.8900,1700
289,2014-01-31,25.9100,25.9400,25.8600,25.8900,1700
290,2014-02-03,25.9100,25.9400,25.8600,25.9000,1700
291,2014-02-04,25.9200,25.9500,25.8700,25.9000,1700
292,2014-02-05,25.9200,25.9500,25.8700,25.9000,17100
293,2014-02-06,25.9300,25.9600,25.8700,25.9000,17100
294,2014-02-07,25.9300,25.9700,25.8700,25.9100,17200
295,2014-02-10,25.9300,25.9800,25.8800,25.9100,17300
296,2014-02-11,25.9400,25.9800,25.8800,25.9100,17500
297,2014-02-12,25.9400,25.9800,25.8800,25.9200,17500
298,2014-02-13,25.9400,26.0000,25.8900,25.9200,17600
299,2014-02-14,25.9500,26.0000,25.9000,25.9200,17900
300,2014-02-18,25.9600,26.0000,25.9000,25.9300,1800
301,2014-02-19,25.9600,26.0000,25.9000,25.9400,1800
302,2014-02-20,25.9600,26.0100,25.9000,25.9400,1800
303,2014-02-21,25.9600,26.0100,25.9000,25.9400,1800
304,2014-02-24,25.9600,26.0200,25.9000,25.9500,1800
305,2014-02-25,25.9800,26.0200,25.9000,25.9600,1800
306,2014-02-26,25.9800,26.0300,25.9000,25.9600,1800
307,2014-02-27,26.0000,26.0300,25.9100,25.9600,1800
308,2014-02-28,26.0000,26.0300,25.9200,25.9700,1800
309,2014-03-03,26.0000,26.0400,25.9300,25.9800,1800
310,2014-03-04,26.0000,26.0400,25.9400,25.9800,1800
311,2014-03-05,26.0000,26.0400,25.9400,26.0000,1800
312,2014-03-06,26.0100,26.0400,25.9500,26.0000,1800
313,2014-03-07,26.0100,26.0400,25.9500,26.0000,1800
314,2014-03-10,26.0200,26.0500,25.9600,26.0000,1800
315,2014-03-11,26.0300,26.0600,25.9600,26.0100,1800
316,2014-03-12,26.0400,26.0600,25.9600,26.0100,1800
317,2014-03-13,26.0400,26.0600,25.9600,26.0100,1800
318,2014-03-14,26.0400,26.0700,25.9800,26.0200,1800
319,2014-03-17,26.0400,26.0800,25.9800,26.0200,1800
320,2014-03-18,26.0600,26.0900,25.9800,26.0200,1800
321,2014-03-19,26.0600,26.0900,25.9800,26.0200,1800
322,2014-03-20,26.0600,26.1000,26.0000,26.0200,1800
323,2014-03-21,26.0600,26.1000,26.0000,26.0300,1800
324,2014-03-24,26.0700,26.1100,26.0000,26.0300,1800
325,2014-03-25,26.0800,26.1200,26.0000,26.0400,1800
326,2014-03-26,26.0800,26.1300,26.0000,26.0400,1800
327,2014-03-27,26.0900,26.1400,26.0000,26.0500,1800
328,2014-03-28,26.0900,26.1700,26.0100,26.0500,1800
329,2014-03-31,26.1000,26.1900,26.0200,26.0800,1800
330,2014-04-01,26.1000,26.1900,26.0200,26.1000,18100
331,2014-04-02,26.1000,26.1900,26.0200,26.1000,18500
332,2014-04-03,26.1100,26.1900,26.0300,26.1000,18700
333,2014-04-04,26.1400,26.2100,26.0400,26.1100,18900
334,2014-04-07,26.1500,26.2500,26.0500,26.1200,1900
335,2014-04-08,26.1500,26.2500,26.0500,26.1500,1900
336,2014-04-09,26.1500,26.2500,26.0800,26.1500,1900
337,2014-04-10,26.1800,26.2500,26.0900,26.1700,1900
338,2014-04-11,26.1900,26.2500,26.1000,26.1800,1900
339,2014-04-14,26.1900,26.2600,26.1000,26.1900,1900
340,2014-04-15,26.1900,26.2700,26.1000,26.1900,1900
341,2014-04-16,26.2000,26.2800,26.1000,26.2000,1900
342,2014-04-17,26.2100,26.3100,26.1000,26.2100,1900
343,2014-04-21,26.2100,26.3100,26.1300,26.2400,1900
344,2014-04-22,26.2200,26.3100,26.1400,26.2400,1900
345,2014-04-23,26.2500,26.3400,26.1500,26.2500,1900
346,2014-04-24,26.2500,26.3500,26.1500,26.2500,1900
347,2014-04-25,26.2600,26.3500,26.1600,26.2500,1900
348,2014-04-28,26.2700,26.3600,26.1600,26.2600,1900
349,2014-04-29,26.2700,26.3600,26.1700,26.2800,1900
350,2014-04-30,26.2900,26.3600,26.1800,26.3000,1900
351,2014-05-01,26.3100,26.3700,26.1800,26.3000,1900
352,2014-05-02,26.3100,26.3700,26.1800,26.3100,1900
353,2014-05-05,26.3100,26.3700,26.1900,26.3100,1900
354,2014-05-06,26.3400,26.3800,26.2000,26.3300,1900
355,2014-05-07,26.3400,26.3800,26.2200,26.3400,1900
356,2014-05-08,26.3400,26.3800,26.2300,26.3400,1900
357,2014-05-09,26.3400,26.3900,26.2400,26.3500,1900
358,2014-05-12,26.3400,26.3900,26.2600,26.3600,1900
359,2014-05-13,26.3500,26.3900,26.2700,26.3600,1900
360,2014-05-14,26.3500,26.4000,26.2700,26.3600,1900
361,2014-05-15,26.3500,26.4000,26.2700,26.3600,1900
362,2014-05-16,26.3600,26.4000,26.2800,26.3600,1900
363,2014-05-20,26.3600,26.4100,26.3000,26.3700,1900
364,2014-05-21,26.3700,26.4100,26.3100,26.3700,1900
365,2014-05-22,26.3700,26.4100,26.3300,26.3800,1900
366,2014-05-23,26.3800,26.4200,26.3400,26.3900,1900
367,2014-05-26,26.3900,26.4200,26.3400,26.3900,1900
368,2014-05-27,26.3900,26.4200,26.3400,26.3900,1900
369,2014-05-28,26.3900,26.4300,26.3400,26.4000,1900
370,2014-05-29,26.3900,26.4400,26.3500,26.4000,1900
371,2014-05-30,26.4000,26.4500,26.3500,26.4000,19000
372,2014-06-02,26.4100,26.4500,26.3600,26.4000,19300
373,2014-06-03,26.4200,26.4600,26.3600,26.4000,19500
374,2014-06-04,26.4200,26.4600,26.3700,26.4100,19600
375,2014-06-05,26.4200,26.4600,26.3800,26.4100,19800
376,2014-06-06,26.4200,26.4600,26.3800,26.4200,200
377,2014-06-09,26.4200,26.4800,26.3900,26.4200,200
378,2014-06-10,26.4300,26.5000,26.3900,26.4300,200
379,2014-06-11,26.4400,26.5000,26.3900,26.4300,200
380,2014-06-12,26.4500,26.5000,26.4000,26.4300,2000
381,2014-06-13,26.4500,26.5000,26.4000,26.4400,2000
382,2014-06-16,26.4600,26.5000,26.4000,26.4500,2000
383,2014-06-17,26.4600,26.5100,26.4100,26.4600,2000
384,2014-06-18,26.4600,26.5300,26.4100,26.4600,2000
385,2014-06-19,26.4600,26.5400,26.4100,26.4600,2000
386,2014-06-20,26.4700,26.5400,26.4200,26.4600,2000
387,2014-06-23,26.4800,26.5500,26.4200,26.4600,2000
388,2014-06-24,26.4800,26.5600,26.4200,26.4700,2000
389,2014-06-25,26.4900,26.5700,26.4300,26.4800,2000
390,2014-06-26,26.5000,26.5700,26.4300,26.4800,2000
391,2014-06-27,26.5000,26.5700,26.4300,26.4800,2000
392,2014-06-30,26.5100,26.5800,26.4300,26.5000,2000
393,2014-07-02,26.5100,26.5800,26.4300,26.5000,2000
394,2014-07-03,26.5100,26.5900,26.4500,26.5000,2000
395,2014-07-04,26.5100,26.5900,26.4600,26.5100,2000
396,2014-07-07,26.5200,26.5900,26.4600,26.5100,2000
397,2014-07-08,26.5200,26.6000,26.4600,26.5300,2000
398,2014-07-09,26.5300,26.6000,26.4700,26.5300,2000
399,2014-07-10,26.5300,26.6000,26.4700,26.5400,2000
400,2014-07-11,26.5400,26.6100,26.4700,26.5400,2000
401,2014-07-14,26.5400,26.6100,26.4800,26.5400,2000
402,2014-07-15,26.5600,26.6100,26.4800,26.5500,2000
403,2014-07-16,26.5700,26.6200,26.4800,26.5500,2000
404,2014-07-17,26.5700,26.6200,26.4900,26.5600,2000
405,2014-07-18,26.5800,26.6200,26.5000,26.5700,2000
406,2014-07-21,26.5800,26.6200,26.5000,26.5700,20500
407,2014-07-22,26.5800,26.6300,26.5000,26.5700,20700
408,2014-07-23,26.5900,26.6500,26.5100,26.5700,2100
409,2014-07-24,26.5900,26.6500,26.5100,26.5800,2100
410,2014-07-25,26.6000,26.6500,26.5100,26.5800,2100
411,2014-07-28,26.6000,26.6500,26.5100,26.5800,2100
412,2014-07-29,26.6000,26.6500,26.5200,26.5800,2100
413,2014-07-30,26.6100,26.6600,26.5200,26.5800,2100
414,2014-07-31,26.6100,26.6600,26.5300,26.5900,2100
415,2014-08-01,26.6100,26.6600,26.5400,26.5900,2100
416,2014-08-05,26.6100,26.6700,26.5500,26.5900,2100
417,2014-08-06,26.6200,26.6700,26.5500,26.5900,2100
418,2014-08-07,26.6200,26.6700,26.5600,26.6000,2100
419,2014-08-08,26.6200,26.6700,26.5600,26.6000,2100
420,2014-08-11,26.6300,26.6800,26.5700,26.6000,2100
421,2014-08-12,26.6300,26.6800,26.5700,26.6000,2100
422,2014-08-13,26.6300,26.6800,26.5700,26.6000,2100
423,2014-08-14,26.6500,26.6900,26.5800,26.6000,2100
424,2014-08-15,26.6500,26.6900,26.5800,26.6200,2100
425,2014-08-18,26.6500,26.7000,26.5800,26.6200,2100
426,2014-08-19,26.6500,26.7000,26.5800,26.6300,2100
427,2014-08-20,26.6600,26.7100,26.5900,26.6400,2100
428,2014-08-21,26.6600,26.7100,26.5900,26.6400,2100
429,2014-08-22,26.6600,26.7100,26.5900,26.6500,2100
430,2014-08-25,26.6600,26.7100,26.6000,26.6600,2100
431,2014-08-26,26.6700,26.7100,26.6000,26.6600,2100
432,2014-08-27,26.6700,26.7100,26.6000,26.6600,21200
433,2014-08-28,26.6700,26.7200,26.6000,26.6600,21400
434,2014-08-29,26.6700,26.7300,26.6000,26.6600,21400
435,2014-09-02,26.6700,26.7300,26.6000,26.6700,2200
436,2014-09-03,26.6700,26.7300,26.6000,26.6700,2200
437,2014-09-04,26.6700,26.7300,26.6100,26.6700,2200
438,2014-09-05,26.6700,26.7400,26.6100,26.6700,2200
439,2014-09-08,26.6800,26.7400,26.6200,26.6800,2200
440,2014-09-09,26.6800,26.7400,26.6200,26.6800,2200
441,2014-09-10,26.6800,26.7500,26.6300,26.6900,2200
442,2014-09-11,26.6900,26.7500,26.6300,26.7000,2200
443,2014-09-12,26.6900,26.7500,26.6500,26.7000,2200
444,2014-09-15,26.6900,26.7600,26.6500,26.7000,2200
445,2014-09-16,26.6900,26.7600,26.6500,26.7000,2200
446,2014-09-17,26.6900,26.7600,26.6600,26.7000,2200
447,2014-09-18,26.7000,26.7600,26.6600,26.7100,2200
448,2014-09-19,26.7000,26.7700,26.6600,26.7100,2200
449,2014-09-22,26.7000,26.7700,26.6600,26.7200,2200
450,2014-09-23,26.7000,26.7700,26.6600,26.7200,2200
451,2014-09-24,26.7100,26.7700,26.6700,26.7300,2200
452,2014-09-25,26.7100,26.7700,26.6700,26.7300,2200
453,2014-09-26,26.7100,26.7700,26.6700,26.7300,2200
454,2014-09-29,26.7100,26.7700,26.6700,26.7300,2200
455,2014-09-30,26.7200,26.7700,26.6700,26.7400,2200
456,2014-10-01,26.7200,26.7800,26.6800,26.7400,2200
457,2014-10-02,26.7200,26.7900,26.6800,26.7400,2200
458,2014-10-03,26.7300,26.7900,26.6900,26.7400,2200
459,2014-10-06,26.7300,26.7900,26.6900,26.7400,2200
460,2014-10-07,26.7400,26.8000,26.6900,26.7400,2200
461,2014-10-08,26.7400,26.8000,26.7000,26.7400,2200
462,2014-10-09,26.7400,26.8000,26.7000,26.7500,22200
463,2014-10-10,26.7500,26.8100,26.7000,26.7500,22300
464,2014-10-14,26.7500,26.8100,26.7000,26.7500,22300
465,2014-10-15,26.7500,26.8200,26.7000,26.7500,22300
466,2014-10-16,26.7600,26.8200,26.7000,26.7500,22900
467,2014-10-17,26.7600,26.8200,26.7000,26.7600,2300
468,2014-10-20,26.7600,26.8200,26.7000,26.7600,2300
469,2014-10-21,26.7600,26.8200,26.7000,26.7700,2300
470,2014-10-22,26.7600,26.8300,26.7100,26.7700,2300
471,2014-10-23,26.7700,26.8300,26.7100,26.7700,2300
472,2014-10-24,26.7700,26.8300,26.7200,26.7800,2300
473,2014-10-27,26.7700,26.8400,26.7200,26.7800,2300
474,2014-10-28,26.7700,26.8400,26.7200,26.7800,2300
475,2014-10-29,26.7700,26.8400,26.7200,26.7900,2300
476,2014-10-30,26.7700,26.8400,26.7200,26.7900,2300
477,2014-10-31,26.7700,26.8400,26.7200,26.8000,2300
478,2014-11-03,26.7700,26.8500,26.7300,26.8000,2300
479,2014-11-04,26.7700,26.8500,26.7300,26.8000,2300
480,2014-11-05,26.7800,26.8500,26.7300,26.8000,2300
481,2014-11-06,26.7800,26.8500,26.7400,26.8000,2300
482,2014-11-07,26.8000,26.8500,26.7400,26.8100,2300
483,2014-11-10,26.8000,26.8500,26.7400,26.8100,2300
484,2014-11-11,26.8000,26.8500,26.7500,26.8100,2300
485,2014-11-12,26.8100,26.8500,26.7500,26.8100,2300
486,2014-11-13,26.8100,26.8600,26.7500,26.8200,2300
487,2014-11-14,26.8200,26.8700,26.7500,26.8200,2300
488,2014-11-17,26.8200,26.8700,26.7500,26.8200,2300
489,2014-11-18,26.8200,26.8700,26.7500,26.8200,2300
490,2014-11-19,26.8300,26.8700,26.7600,26.8300,2300
491,2014-11-20,26.8300,26.8700,26.7600,26.8300,2300
492,2014-11-21,26.8300,26.8700,26.7600,26.8400,2300
493,2014-11-24,26.8400,26.8900,26.7600,26.8400,2300
494,2014-11-25,26.8400,26.8900,26.7600,26.8400,2300
495,2014-11-26,26.8400,26.8900,26.7700,26.8500,2300
496,2014-11-27,26.8500,26.8900,26.7800,26.8500,2300
497,2014-11-28,26.8500,26.8900,26.7800,26.8500,2400
498,2014-12-01,26.8500,26.8900,26.7900,26.8500,2400
499,2014-12-02,26.8500,26.8900,26.7900,26.8500,2400
500,2014-12-03,26.8500,26.8900,26.8000,26.8500,2400
501,2014-12-04,26.8500,26.9000,26.8000,26.8500,2400
502,2014-12-05,26.8500,26.9000,26.8000,26.8600,2400
503,2014-12-08,26.8600,26.9100,26.8000,26.8600,2400
504,2014-12-09,26.8600,26.9100,26.8000,26.8600,2400
505,2014-12-10,26.8700,26.9100,26.8100,26.8600,2400
506,2014-12-11,26.8700,26.9200,26.8100,26.8600,2400
507,2014-12-12,26.8700,26.9200,26.8100,26.8700,2400
508,2014-12-15,26.8800,26.9400,26.8200,26.8700,2400
509,2014-12-16,26.8900,26.9400,26.8200,26.8700,2400
510,2014-12-17,26.8900,26.9400,26.8300,26.8700,2400
511,2014-12-18,26.9000,26.9400,26.8400,26.8800,2400
512,2014-12-19,26.9000,26.9500,26.8500,26.8800,2400
513,2014-12-22,26.9000,26.9500,26.8500,26.8800,2400
514,2014-12-23,26.9000,26.9600,26.8500,26.8900,2400
515,2014-12-24,26.9000,26.9700,26.8500,26.8900,2400
516,2014-12-29,26.9100,27.0000,26.8500,26.8900,2400
517,2014-12-30,26.9100,27.0000,26.8600,26.8900,2400
518,2014-12-31,26.9200,27.0000,26.8600,26.8900,2400
519,2015-01-02,26.9200,27.0000,26.8600,26.9000,2400
520,2015-01-05,26.9300,27.0100,26.8700,26.9000,2400
521,2015-01-06,26.9400,27.0200,26.8700,26.9100,24000
522,2015-01-07,26.9500,27.0200,26.8800,26.9200,24100
523,2015-01-08,26.9500,27.0300,26.8800,26.9400,24300
524,2015-01-09,26.9600,27.0300,26.8900,26.9400,24500
525,2015-01-12,26.9700,27.0300,26.8900,26.9400,2500
526,2015-01-13,26.9800,27.0300,26.9000,26.9400,2500
527,2015-01-14,26.9800,27.0300,26.9000,26.9500,2500
528,2015-01-15,27.0000,27.0400,26.9000,26.9500,2500
529,2015-01-16,27.0000,27.0400,26.9000,26.9500,2500
530,2015-01-19,27.0000,27.0500,26.9100,26.9500,2500
531,2015-01-20,27.0100,27.0500,26.9200,26.9600,2500
532,2015-01-21,27.0100,27.0500,26.9200,26.9900,2500
533,2015-01-22,27.0200,27.0500,26.9300,27.0000,2500
534,2015-01-23,27.0300,27.0600,26.9400,27.0000,2500
535,2015-01-26,27.0300,27.0600,26.9400,27.0000,2500
536,2015-01-27,27.0300,27.0600,26.9500,27.0000,2500
537,2015-01-28,27.0300,27.0700,26.9500,27.0000,2500
538,2015-01-29,27.0400,27.0800,26.9500,27.0100,2500
539,2015-01-30,27.0500,27.0800,26.9500,27.0100,2500
540,2015-02-02,27.0500,27.0800,26.9500,27.0100,2500
541,2015-02-03,27.0500,27.0900,26.9600,27.0200,2500
542,2015-02-04,27.0600,27.0900,26.9700,27.0200,2500
543,2015-02-05,27.0600,27.1000,26.9800,27.0200,2500
544,2015-02-06,27.0600,27.1000,26.9800,27.0300,2500
545,2015-02-09,27.0600,27.1000,27.0000,27.0300,2500
546,2015-02-10,27.0700,27.1200,27.0000,27.0400,2500
547,2015-02-11,27.0800,27.1200,27.0000,27.0400,2600
548,2015-02-12,27.0900,27.1300,27.0000,27.0500,2600
549,2015-02-13,27.0900,27.1300,27.0000,27.0500,2600
550,2015-02-17,27.0900,27.1400,27.0100,27.0700,2600
551,2015-02-18,27.0900,27.1500,27.0100,27.0800,2600
552,2015-02-19,27.0900,27.1500,27.0200,27.0900,2600
553,2015-02-20,27.0900,27.1500,27.0200,27.0900,2600
554,2015-02-23,27.1000,27.1700,27.0200,27.0900,2600
555,2015-02-24,27.1000,27.1800,27.0300,27.0900,2600
556,2015-02-25,27.1000,27.1800,27.0300,27.1000,2600
557,2015-02-26,27.1000,27.1800,27.0400,27.1100,2600
558,2015-02-27,27.1100,27.1800,27.0600,27.1200,2600
559,2015-03-02,27.1200,27.1900,27.0800,27.1200,2600
560,2015-03-03,27.1200,27.2000,27.0800,27.1300,2600
561,2015-03-04,27.1300,27.2000,27.0800,27.1300,2600
562,2015-03-05,27.1300,27.2000,27.0800,27.1400,26900
563,2015-03-06,27.1300,27.2100,27.0900,27.1400,2700
564,2015-03-09,27.1500,27.2100,27.0900,27.1500,2700
565,2015-03-10,27.1500,27.2100,27.0900,27.1600,2700
566,2015-03-11,27.1500,27.2200,27.0900,27.1700,2700
567,2015-03-12,27.1600,27.2300,27.0900,27.1700,2700
568,2015-03-13,27.1700,27.2500,27.0900,27.1800,2700
569,2015-03-16,27.1800,27.2500,27.1000,27.1900,2700
570,2015-03-17,27.1900,27.2700,27.1000,27.1900,2700
571,2015-03-18,27.2000,27.2800,27.1000,27.1900,2700
572,2015-03-19,27.2000,27.2900,27.1200,27.2000,2700
573,2015-03-20,27.2000,27.2900,27.1200,27.2000,2700
574,2015-03-23,27.2000,27.3000,27.1300,27.2000,2700
575,2015-03-24,27.2200,27.3000,27.1500,27.2000,2700
576,2015-03-25,27.2200,27.3100,27.1500,27.2100,2700
577,2015-03-26,27.2300,27.3100,27.1500,27.2100,2700
578,2015-03-27,27.2500,27.3200,27.1500,27.2100,2700
579,2015-03-30,27.2500,27.3200,27.1600,27.2100,2700
580,2015-03-31,27.2500,27.3200,27.1700,27.2200,2700
581,2015-04-01,27.2500,27.3200,27.1700,27.2200,2700
582,2015-04-02,27.2500,27.3200,27.1800,27.2200,2700
583,2015-04-06,27.2600,27.3400,27.1900,27.2400,2700
584,2015-04-07,27.2700,27.3400,27.1900,27.2400,2700
585,2015-04-08,27.2800,27.3400,27.1900,27.2500,2700
586,2015-04-09,27.2800,27.3400,27.1900,27.2500,2700
587,2015-04-10,27.2900,27.3500,27.2000,27.2500,2700
588,2015-04-13,27.2900,27.3500,27.2000,27.2700,27600
589,2015-04-14,27.2900,27.3500,27.2000,27.2700,2800
590,2015-04-15,27.2900,27.3500,27.2000,27.2700,2800
591,2015-04-16,27.2900,27.3600,27.2100,27.2900,2800
592,2015-04-17,27.2900,27.3600,27.2100,27.2900,2800
593,2015-04-20,27.3000,27.3600,27.2200,27.2900,2800
594,2015-04-21,27.3000,27.3700,27.2200,27.3000,2800
595,2015-04-22,27.3100,27.3800,27.2200,27.3000,2800
596,2015-04-23,27.3100,27.3800,27.2400,27.3100,2800
597,2015-04-24,27.3100,27.3900,27.2500,27.3100,2800
598,2015-04-27,27.3200,27.4000,27.2500,27.3100,2800
599,2015-04-28,27.3200,27.4000,27.2500,27.3200,2800
600,2015-04-29,27.3200,27.4000,27.2500,27.3200,2800
601,2015-04-30,27.3200,27.4000,27.2500,27.3200,2800
602,2015-05-01,27.3200,27.4000,27.2500,27.3200,2800
603,2015-05-04,27.3400,27.4000,27.2500,27.3300,2800
604,2015-05-05,27.3400,27.4000,27.2600,27.3300,2800
605,2015-05-06,27.3600,27.4000,27.2600,27.3400,2800
606,2015-05-07,27.3600,27.4100,27.2600,27.3400,2800
607,2015-05-08,27.3800,27.4100,27.2600,27.3400,2800
608,2015-05-11,27.3800,27.4100,27.2700,27.3500,2800
609,2015-05-12,27.3900,27.4300,27.2700,27.3500,2800
610,2015-05-13,27.3900,27.4400,27.2800,27.3500,2800
611,2015-05-14,27.4000,27.4500,27.2800,27.3500,2800
612,2015-05-15,27.4000,27.4500,27.2900,27.3600,2800
613,2015-05-19,27.4000,27.4500,27.2900,27.3600,2800
614,2015-05-20,27.4000,27.4700,27.2900,27.3700,2800
615,2015-05-21,27.4000,27.4700,27.2900,27.3700,2800
616,2015-05-22,27.4000,27.4800,27.3000,27.3700,28400
617,2015-05-25,27.4100,27.4800,27.3100,27.3800,28700
618,2015-05-26,27.4100,27.4800,27.3200,27.3900,2900
619,2015-05-27,27.4200,27.4800,27.3200,27.3900,2900
620,2015-05-28,27.4300,27.4900,27.3200,27.4000,2900
621,2015-05-29,27.4300,27.4900,27.3200,27.4000,2900
622,2015-06-01,27.4400,27.5000,27.3400,27.4000,2900
623,2015-06-02,27.4400,27.5000,27.3400,27.4000,2900
624,2015-06-03,27.4400,27.5000,27.3400,27.4100,2900
625,2015-06-04,27.4400,27.5100,27.3500,27.4100,2900
626,2015-06-05,27.4500,27.5100,27.3600,27.4300,2900
627,2015-06-08,27.4500,27.5200,27.3700,27.4300,2900
628,2015-06-09,27.4600,27.5200,27.3800,27.4300,2900
629,2015-06-10,27.4600,27.5300,27.3900,27.4400,2900
630,2015-06-11,27.4600,27.5300,27.3900,27.4500,2900
631,2015-06-12,27.4700,27.5400,27.3900,27.4600,2900
632,2015-06-15,27.4800,27.5400,27.4000,27.4600,2900
633,2015-06-16,27.4800,27.5400,27.4000,27.4600,2900
634,2015-06-17,27.4800,27.5400,27.4000,27.4700,2900
635,2015-06-18,27.4900,27.5500,27.4100,27.4700,2900
636,2015-06-19,27.4900,27.5600,27.4200,27.4700,29800
637,2015-06-22,27.4900,27.5600,27.4300,27.4800,300
638,2015-06-23,27.5000,27.5700,27.4300,27.4800,300
639,2015-06-24,27.5100,27.5800,27.4300,27.5000,300
640,2015-06-25,27.5100,27.5800,27.4400,27.5000,300
641,2015-06-26,27.5100,27.5800,27.4400,27.5000,3000
642,2015-06-29,27.5100,27.5800,27.4400,27.5100,3000
643,2015-06-30,27.5200,27.5900,27.4400,27.5100,3000
644,2015-07-02,27.5200,27.6000,27.4400,27.5100,3000
645,2015-07-03,27.5200,27.6000,27.4500,27.5200,3000
646,2015-07-06,27.5200,27.6000,27.4500,27.5200,3000
647,2015-07-07,27.5200,27.6000,27.4500,27.5300,3000
648,2015-07-08,27.5200,27.6200,27.4500,27.5300,3000
649,2015-07-09,27.5200,27.6200,27.4600,27.5300,3000
650,2015-07-10,27.5400,27.6200,27.4600,27.5300,3000
651,2015-07-13,27.5400,27.6200,27.4600,27.5300,3000
652,2015-07-14,27.5400,27.6300,27.4600,27.5400,3000
653,2015-07-15,27.5400,27.6400,27.4700,27.5500,3000
654,2015-07-16,27.5400,27.6500,27.4700,27.5600,3000
655,2015-07-17,27.5400,27.6500,27.4700,27.5600,3000
656,2015-07-20,27.5500,27.6500,27.4800,27.5800,3000
657,2015-07-21,27.5500,27.6600,27.5000,27.5800,3000
658,2015-07-22,27.5600,27.6600,27.5000,27.6000,3000
659,2015-07-23,27.5600,27.6600,27.5000,27.6000,3000
660,2015-07-24,27.5700,27.6600,27.5100,27.6000,3000
661,2015-07-27,27.5800,27.6600,27.5100,27.6000,3000
662,2015-07-28,27.5900,27.6700,27.5100,27.6000,3100
663,2015-07-29,27.5900,27.6700,27.5100,27.6000,3100
664,2015-07-30,27.6000,27.6800,27.5200,27.6000,3100
665,2015-07-31,27.6000,27.6900,27.5200,27.6100,3100
666,2015-08-04,27.6000,27.6900,27.5200,27.6100,3100
667,2015-08-05,27.6000,27.6900,27.5300,27.6100,3100
668,2015-08-06,27.6000,27.6900,27.5400,27.6100,3100
669,2015-08-07,27.6100,27.6900,27.5500,27.6200,3100
670,2015-08-10,27.6100,27.7000,27.5600,27.6200,3100
671,2015-08-11,27.6100,27.7000,27.5600,27.6300,3100
672,2015-08-12,27.6100,27.7000,27.5600,27.6300,3100
673,2015-08-13,27.6200,27.7000,27.5700,27.6300,3100
674,2015-08-14,27.6200,27.7000,27.5700,27.6300,3100
675,2015-08-17,27.6200,27.7000,27.5800,27.6300,3100
676,2015-08-18,27.6300,27.7000,27.5800,27.6400,3100
677,2015-08-19,27.6400,27.7000,27.5900,27.6400,3100
678,2015-08-20,27.6400,27.7000,27.5900,27.6500,3100
679,2015-08-21,27.6400,27.7000,27.5900,27.6500,3100
680,2015-08-24,27.6500,27.7100,27.6000,27.6600,3100
681,2015-08-25,27.6500,27.7200,27.6000,27.6600,3100
682,2015-08-26,27.6500,27.7200,27.6000,27.6700,31100
683,2015-08-27,27.6500,27.7200,27.6000,27.6900,3200
684,2015-08-28,27.6600,27.7300,27.6000,27.6900,3200
685,2015-08-31,27.6600,27.7400,27.6100,27.6900,3200
686,2015-09-01,27.6600,27.7400,27.6100,27.6900,3200
687,2015-09-02,27.6800,27.7500,27.6100,27.6900,3200
688,2015-09-03,27.6800,27.7500,27.6100,27.7000,3200
689,2015-09-04,27.6900,27.7500,27.6100,27.7000,3200
690,2015-09-08,27.6900,27.7600,27.6100,27.7000,3200
691,2015-09-09,27.7000,27.7600,27.6300,27.7000,3200
692,2015-09-10,27.7000,27.7700,27.6300,27.7000,3200
693,2015-09-11,27.7000,27.7800,27.6300,27.7000,3200
694,2015-09-14,27.7000,27.8100,27.6300,27.7000,3200
695,2015-09-15,27.7000,27.8100,27.6300,27.7100,3200
696,2015-09-16,27.7100,27.8100,27.6300,27.7200,3200
697,2015-09-17,27.7100,27.8200,27.6400,27.7200,3200
698,2015-09-18,27.7200,27.8200,27.6400,27.7200,32200
699,2015-09-21,27.7300,27.8400,27.6400,27.7300,32400
700,2015-09-22,27.7400,27.8600,27.6600,27.7300,32600
701,2015-09-23,27.7500,27.8600,27.6800,27.7400,32800
702,2015-09-24,27.7600,27.8700,27.6800,27.7400,3300
703,2015-09-25,27.7600,27.8800,27.6900,27.7500,3300
704,2015-09-28,27.7700,27.8800,27.6900,27.7500,3300
705,2015-09-29,27.7700,27.8900,27.6900,27.7500,3300
706,2015-09-30,27.7800,27.9000,27.7000,27.7500,3300
707,2015-10-01,27.7800,27.9000,27.7000,27.7600,3300
708,2015-10-02,27.8100,27.9200,27.7000,27.7900,3300
709,2015-10-05,27.8400,27.9300,27.7200,27.7900,3300
710,2015-10-06,27.8600,27.9300,27.7200,27.8000,3300
711,2015-10-07,27.8700,27.9400,27.7200,27.8000,3300
712,2015-10-08,27.8800,27.9400,27.7200,27.8100,3300
713,2015-10-09,27.8800,27.9500,27.7300,27.8100,3300
714,2015-10-13,27.9000,27.9500,27.7300,27.8200,3300
715,2015-10-14,27.9000,27.9500,27.7300,27.8200,3300
716,2015-10-15,27.9000,27.9600,27.7500,27.8300,3300
717,2015-10-16,27.9100,27.9700,27.7500,27.8500,3300
718,2015-10-19,27.9200,28.0000,27.7500,27.8600,3300
719,2015-10-20,27.9300,28.0000,27.7700,27.8700,3300
720,2015-10-21,27.9300,28.0000,27.7800,27.8800,3300
721,2015-10-22,27.9300,28.0100,27.7900,27.8800,3300
722,2015-10-23,27.9300,28.0100,27.8100,27.8900,3300
723,2015-10-26,27.9300,28.0100,27.8100,27.9000,33700
724,2015-10-27,27.9300,28.0300,27.8100,27.9200,3400
725,2015-10-28,27.9300,28.0300,27.8100,27.9300,3400
726,2015-10-29,27.9400,28.0400,27.8300,27.9500,3400
727,2015-10-30,27.9400,28.0400,27.8400,27.9600,3400
728,2015-11-02,27.9400,28.0500,27.8600,27.9700,3400
729,2015-11-03,27.9600,28.0500,27.8800,27.9700,3400
730,2015-11-04,27.9600,28.0700,27.8800,27.9900,3400
731,2015-11-05,27.9800,28.0700,27.8800,27.9900,3400
732,2015-11-06,28.0000,28.0800,27.9000,27.9900,3400
733,2015-11-09,28.0000,28.0800,27.9100,27.9900,3400
734,2015-11-10,28.0000,28.0900,27.9200,28.0000,3400
735,2015-11-11,28.0000,28.1000,27.9300,28.0100,3400
736,2015-11-12,28.0100,28.1000,27.9300,28.0100,3400
737,2015-11-13,28.0100,28.1100,27.9300,28.0200,3400
738,2015-11-16,28.0100,28.1100,27.9300,28.0300,3400
739,2015-11-17,28.0200,28.1200,27.9400,28.0400,3400
740,2015-11-18,28.0300,28.1300,27.9400,28.0500,3400
741,2015-11-19,28.0300,28.1500,27.9500,28.0500,3400
742,2015-11-20,28.0400,28.1500,27.9500,28.0600,3400
743,2015-11-23,28.0500,28.1500,27.9600,28.0600,3400
744,2015-11-24,28.0700,28.1700,27.9600,28.0700,3400
745,2015-11-25,28.0700,28.1900,27.9700,28.0800,3400
746,2015-11-26,28.0800,28.2000,27.9800,28.0800,3400
747,2015-11-27,28.0900,28.2000,27.9800,28.0900,3400
748,2015-11-30,28.1000,28.2000,27.9800,28.1100,34700
749,2015-12-01,28.1000,28.2100,27.9900,28.1100,34900
750,2015-12-02,28.1000,28.2200,27.9900,28.1300,3500
751,2015-12-03,28.1400,28.2300,28.0000,28.1300,3500
752,2015-12-04,28.1400,28.2400,28.0100,28.1300,3500
753,2015-12-07,28.1900,28.2400,28.0100,28.1500,3500
754,2015-12-08,28.1900,28.2500,28.0200,28.1500,3500
755,2015-12-09,28.1900,28.2500,28.0200,28.1700,3500
756,2015-12-10,28.2000,28.2600,28.0400,28.1900,3500
757,2015-12-11,28.2100,28.2700,28.0500,28.1900,3500
758,2015-12-14,28.2200,28.2700,28.0600,28.2000,3500
759,2015-12-15,28.2200,28.2800,28.0700,28.2000,3500
760,2015-12-16,28.2300,28.3100,28.1000,28.2000,3500
761,2015-12-17,28.2300,28.3200,28.1100,28.2100,3500
762,2015-12-18,28.2400,28.3300,28.1300,28.2400,3500
763,2015-12-21,28.2500,28.3400,28.1400,28.2700,3600
764,2015-12-22,28.2600,28.3500,28.1500,28.2700,3600
765,2015-12-23,28.2600,28.3500,28.1500,28.2700,3600
766,2015-12-24,28.2700,28.3700,28.1600,28.2900,3600
767,2015-12-29,28.2800,28.3900,28.1700,28.3100,3600
768,2015-12-30,28.2800,28.4000,28.1900,28.3200,3600
769,2015-12-31,28.2800,28.4100,28.1900,28.3200,3600
770,2016-01-04,28.2900,28.4100,28.2000,28.3200,3600
771,2016-01-05,28.3000,28.4100,28.2000,28.3300,3600
772,2016-01-06,28.3200,28.4200,28.2200,28.3300,3600
773,2016-01-07,28.3200,28.4300,28.2200,28.3400,3600
774,2016-01-08,28.3300,28.4400,28.2600,28.3400,3600
775,2016-01-11,28.3400,28.4500,28.2700,28.3500,3600
776,2016-01-12,28.3500,28.4500,28.2800,28.3500,3600
777,2016-01-13,28.3500,28.4500,28.2800,28.3500,3600
778,2016-01-14,28.3600,28.4600,28.3000,28.3600,3600
779,2016-01-15,28.3700,28.4600,28.3200,28.3700,3600
780,2016-01-18,28.3700,28.4700,28.3200,28.3700,3600
781,2016-01-19,28.3800,28.4800,28.3200,28.3800,3600
782,2016-01-20,28.3900,28.4800,28.3200,28.4000,36100
783,2016-01-21,28.4100,28.4900,28.3200,28.4000,36100
784,2016-01-22,28.4300,28.5000,28.3400,28.4000,3700
785,2016-01-25,28.4300,28.5000,28.3400,28.4100,3700
786,2016-01-26,28.4300,28.5100,28.3500,28.4200,3700
787,2016-01-27,28.4400,28.5200,28.3500,28.4200,3700
788,2016-01-28,28.4500,28.5200,28.3500,28.4200,3700
789,2016-01-29,28.4500,28.5300,28.3600,28.4300,3700
790,2016-02-01,28.4500,28.5500,28.3600,28.4400,3700
791,2016-02-02,28.4500,28.5500,28.3700,28.4400,3700
792,2016-02-03,28.4500,28.5500,28.3700,28.4500,3700
793,2016-02-04,28.4600,28.5600,28.3800,28.4600,3700
794,2016-02-05,28.4600,28.5600,28.3800,28.4700,3700
795,2016-02-08,28.4600,28.5600,28.3900,28.4700,3700
796,2016-02-09,28.4600,28.5700,28.3900,28.4800,3700
797,2016-02-10,28.4700,28.5700,28.3900,28.4900,3700
798,2016-02-11,28.4700,28.5700,28.4000,28.5000,3700
799,2016-02-12,28.4800,28.5800,28.4000,28.5000,3700
800,2016-02-16,28.5000,28.5800,28.4000,28.5000,3700
801,2016-02-17,28.5000,28.5900,28.4200,28.5200,3700
802,2016-02-18,28.5200,28.5900,28.4200,28.5200,3700
803,2016-02-19,28.5200,28.6000,28.4300,28.5200,3700
804,2016-02-22,28.5200,28.6000,28.4300,28.5200,3700
805,2016-02-23,28.5200,28.6000,28.4400,28.5300,3700
806,2016-02-24,28.5300,28.6100,28.4400,28.5300,3700
807,2016-02-25,28.5500,28.6100,28.4400,28.5400,3700
808,2016-02-26,28.5500,28.6200,28.4500,28.5500,3700
809,2016-02-29,28.5600,28.6200,28.4500,28.5500,3700
810,2016-03-01,28.5600,28.6300,28.4500,28.5500,3700
811,2016-03-02,28.5700,28.6400,28.4600,28.5800,3700
812,2016-03-03,28.5700,28.6500,28.4700,28.5900,3700
813,2016-03-04,28.5800,28.6600,28.4700,28.5900,3700
814,2016-03-07,28.5900,28.6600,28.4700,28.5900,3700
815,2016-03-08,28.6000,28.6600,28.4800,28.5900,3700
816,2016-03-09,28.6000,28.6600,28.4800,28.6000,3800
817,2016-03-10,28.6100,28.6600,28.5200,28.6000,3800
818,2016-03-11,28.6300,28.6900,28.5200,28.6000,3800
819,2016-03-14,28.6400,28.7000,28.5200,28.6100,3800
820,2016-03-15,28.6400,28.7000,28.5200,28.6200,3800
821,2016-03-16,28.6500,28.7000,28.5500,28.6200,3800
822,2016-03-17,28.6500,28.7000,28.5500,28.6300,3800
823,2016-03-18,28.6500,28.7100,28.5600,28.6300,3800
824,2016-03-21,28.6600,28.7100,28.5700,28.6400,3800
825,2016-03-22,28.6600,28.7200,28.5700,28.6400,3800
826,2016-03-23,28.6600,28.7200,28.5800,28.6500,3800
827,2016-03-24,28.6700,28.7400,28.5800,28.6600,3800
828,2016-03-28,28.6700,28.7700,28.5900,28.6600,3800
829,2016-03-29,28.6800,28.7800,28.5900,28.6600,3800
830,2016-03-30,28.7000,28.7800,28.6000,28.6700,3800
831,2016-03-31,28.7000,28.8000,28.6000,28.6700,3800
832,2016-04-01,28.7000,28.8000,28.6100,28.7000,3800
833,2016-04-04,28.7100,28.8100,28.6200,28.7000,3800
834,2016-04-05,28.7200,28.8200,28.6300,28.7000,3900
835,2016-04-06,28.7300,28.8200,28.6300,28.7100,3900
836,2016-04-07,28.7400,28.8400,28.6400,28.7200,3900
837,2016-04-08,28.7400,28.8400,28.6400,28.7300,3900
838,2016-04-11,28.7500,28.8700,28.6600,28.7400,3900
839,2016-04-12,28.7500,28.9000,28.6700,28.7500,3900
840,2016-04-13,28.7600,28.9000,28.6800,28.7700,3900
841,2016-04-14,28.8000,28.9000,28.7000,28.8000,3900
842,2016-04-15,28.8000,28.9000,28.7000,28.8100,3900
843,2016-04-18,28.8200,28.9200,28.7000,28.8200,3900
844,2016-04-19,28.8200,28.9200,28.7100,28.8400,3900
845,2016-04-20,28.8400,28.9300,28.7400,28.8400,3900
846,2016-04-21,28.8400,28.9300,28.7400,28.8500,3900
847,2016-04-22,28.8400,28.9300,28.7500,28.8500,3900
848,2016-04-25,28.8500,28.9300,28.7500,28.8500,3900
849,2016-04-26,28.8500,28.9400,28.7700,28.8500,3900
850,2016-04-27,28.8600,28.9400,28.7900,28.8500,3900
851,2016-04-28,28.8700,28.9500,28.7900,28.8600,400
852,2016-04-29,28.8800,28.9500,28.8000,28.8600,400
853,2016-05-02,28.8900,28.9500,28.8000,28.8700,400
854,2016-05-03,28.9000,28.9700,28.8200,28.8700,400
855,2016-05-04,28.9000,28.9700,28.8200,28.8700,400
856,2016-05-05,28.9000,28.9700,28.8200,28.8800,400
857,2016-05-06,28.9100,28.9700,28.8400,28.8800,400
858,2016-05-09,28.9100,28.9700,28.8400,28.8900,400
859,2016-05-10,28.9200,28.9700,28.8400,28.8900,400
860,2016-05-11,28.9200,28.9700,28.8500,28.8900,400
861,2016-05-12,28.9300,28.9800,28.8500,28.9000,400
862,2016-05-13,28.9300,28.9800,28.8500,28.9000,4000
863,2016-05-16,28.9400,28.9900,28.8500,28.9100,4000
864,2016-05-17,28.9400,28.9900,28.8500,28.9100,4000
865,2016-05-18,28.9400,28.9900,28.8500,28.9100,4000
866,2016-05-19,28.9400,29.0000,28.8500,28.9200,4000
867,2016-05-20,28.9400,29.0000,28.8500,28.9200,4000
868,2016-05-24,28.9400,29.0000,28.8600,28.9200,4000
869,2016-05-25,28.9500,29.0000,28.8600,28.9200,4000
870,2016-05-26,28.9600,29.0000,28.8600,28.9300,4000
871,2016-05-27,28.9600,29.0100,28.8700,28.9300,4000
872,2016-05-30,28.9600,29.0100,28.8700,28.9300,4000
873,2016-05-31,28.9700,29.0300,28.8800,28.9400,4000
874,2016-06-01,28.9700,29.0300,28.8800,28.9400,4100
875,2016-06-02,28.9700,29.0500,28.8900,28.9400,4100
876,2016-06-03,28.9700,29.0500,28.8900,28.9500,4100
877,2016-06-06,28.9700,29.0500,28.8900,28.9600,4100
878,2016-06-07,28.9800,29.0500,28.9000,28.9700,4100
879,2016-06-08,28.9800,29.0500,28.9000,28.9700,4100
880,2016-06-09,28.9800,29.0500,28.9000,28.9700,4100
881,2016-06-10,28.9800,29.0500,28.9100,28.9700,4100
882,2016-06-13,28.9900,29.0600,28.9100,28.9700,4100
883,2016-06-14,28.9900,29.0700,28.9100,28.9700,4100
884,2016-06-15,29.0000,29.0800,28.9200,28.9700,4100
885,2016-06-16,29.0000,29.0800,28.9200,28.9700,4100
886,2016-06-17,29.0000,29.0900,28.9200,28.9900,4100
887,2016-06-20,29.0000,29.0900,28.9300,28.9900,41700
888,2016-06-21,29.0000,29.0900,28.9300,29.0000,4200
889,2016-06-22,29.0000,29.1000,28.9400,29.0000,4200
890,2016-06-23,29.0100,29.1100,28.9400,29.0000,4200
891,2016-06-24,29.0100,29.1100,28.9400,29.0100,4200
892,2016-06-27,29.0100,29.1200,28.9500,29.0200,4200
893,2016-06-28,29.0200,29.1200,28.9600,29.0300,4200
894,2016-06-29,29.0200,29.1200,28.9600,29.0400,4200
895,2016-06-30,29.0200,29.1300,28.9600,29.0400,4200
896,2016-07-04,29.0300,29.1400,28.9600,29.0400,4200
897,2016-07-05,29.0300,29.1400,28.9700,29.0500,4200
898,2016-07-06,29.0300,29.1400,28.9700,29.0500,4200
899,2016-07-07,29.0300,29.1400,28.9700,29.0500,4200
900,2016-07-08,29.0400,29.1500,28.9700,29.0500,4200
901,2016-07-11,29.0500,29.1500,28.9700,29.0700,4200
902,2016-07-12,29.0600,29.1600,28.9800,29.0800,4200
903,2016-07-13,29.0700,29.1600,28.9800,29.0800,4200
904,2016-07-14,29.0800,29.1700,28.9900,29.0900,4200
905,2016-07-15,29.0800,29.1700,28.9900,29.1000,4200
906,2016-07-18,29.0800,29.1700,29.0000,29.1000,42600
907,2016-07-19,29.0800,29.1800,29.0000,29.1000,4300
908,2016-07-20,29.0900,29.1800,29.0100,29.1000,4300
909,2016-07-21,29.0900,29.1900,29.0100,29.1100,4300
910,2016-07-22,29.1000,29.1900,29.0100,29.1100,4300
911,2016-07-25,29.1100,29.1900,29.0200,29.1100,4300
912,2016-07-26,29.1200,29.2000,29.0200,29.1200,4300
913,2016-07-27,29.1200,29.2000,29.0200,29.1200,4300
914,2016-07-28,29.1300,29.2000,29.0200,29.1300,4300
915,2016-07-29,29.1300,29.2000,29.0200,29.1300,4300
916,2016-08-02,29.1400,29.2000,29.0300,29.1300,4300
917,2016-08-03,29.1500,29.2100,29.0300,29.1400,4300
918,2016-08-04,29.1600,29.2100,29.0300,29.1400,4300
919,2016-08-05,29.1600,29.2200,29.0500,29.1400,4300
920,2016-08-08,29.1600,29.2300,29.0700,29.1500,4300
921,2016-08-09,29.1700,29.2400,29.0700,29.1600,43500
922,2016-08-10,29.1700,29.2400,29.0800,29.1600,4400
923,2016-08-11,29.1700,29.2400,29.0800,29.1700,4400
924,2016-08-12,29.1800,29.2400,29.0900,29.1700,4400
925,2016-08-15,29.1900,29.2500,29.1000,29.1700,4400
926,2016-08-16,29.1900,29.2600,29.1100,29.1700,4400
927,2016-08-17,29.1900,29.2700,29.1200,29.1800,4400
928,2016-08-18,29.1900,29.2700,29.1200,29.1800,4400
929,2016-08-19,29.2000,29.2800,29.1300,29.1900,4400
930,2016-08-22,29.2000,29.2900,29.1300,29.1900,4400
931,2016-08-23,29.2000,29.3000,29.1300,29.2000,4400
932,2016-08-24,29.2000,29.3000,29.1300,29.2000,4400
933,2016-08-25,29.2100,29.3000,29.1300,29.2000,4400
934,2016-08-26,29.2100,29.3100,29.1300,29.2000,4400
935,2016-08-29,29.2200,29.3100,29.1400,29.2000,4400
936,2016-08-30,29.2300,29.3100,29.1500,29.2100,4400
937,2016-08-31,29.2300,29.3100,29.1500,29.2100,4400
938,2016-09-01,29.2300,29.3100,29.1600,29.2100,4400
939,2016-09-02,29.2400,29.3100,29.1600,29.2100,4500
940,2016-09-06,29.2400,29.3200,29.1700,29.2200,4500
941,2016-09-07,29.2400,29.3200,29.1700,29.2200,4500
942,2016-09-08,29.2500,29.3200,29.1700,29.2200,4500
943,2016-09-09,29.2500,29.3200,29.1800,29.2300,4500
944,2016-09-12,29.2600,29.3300,29.1800,29.2400,4500
945,2016-09-13,29.2700,29.3400,29.1900,29.2400,4500
946,2016-09-14,29.2700,29.3400,29.1900,29.2500,4500
947,2016-09-15,29.2700,29.3400,29.2000,29.2600,4500
948,2016-09-16,29.2700,29.3500,29.2000,29.2600,4500
949,2016-09-19,29.2800,29.3500,29.2000,29.2600,4500
950,2016-09-20,29.2800,29.3500,29.2000,29.2700,4500
951,2016-09-21,29.2800,29.3600,29.2000,29.2700,4500
952,2016-09-22,29.2800,29.3700,29.2000,29.2800,4500
953,2016-09-23,29.2900,29.3700,29.2100,29.2900,4500
954,2016-09-26,29.2900,29.3700,29.2100,29.2900,4500
955,2016-09-27,29.3000,29.3700,29.2100,29.2900,4600
956,2016-09-28,29.3000,29.3800,29.2100,29.3000,4600
957,2016-09-29,29.3000,29.3800,29.2200,29.3000,4600
958,2016-09-30,29.3100,29.3800,29.2200,29.3000,4600
959,2016-10-03,29.3100,29.3800,29.2300,29.3000,4600
960,2016-10-04,29.3100,29.3800,29.2300,29.3000,4600
961,2016-10-05,29.3100,29.3800,29.2400,29.3100,4600
962,2016-10-06,29.3100,29.3900,29.2400,29.3100,4600
963,2016-10-07,29.3100,29.3900,29.2400,29.3100,4600
964,2016-10-11,29.3200,29.3900,29.2400,29.3100,4600
965,2016-10-12,29.3200,29.3900,29.2400,29.3100,4700
966,2016-10-13,29.3300,29.4100,29.2500,29.3100,4700
967,2016-10-14,29.3400,29.4100,29.2500,29.3200,4700
968,2016-10-17,29.3400,29.4100,29.2500,29.3200,4700
969,2016-10-18,29.3500,29.4100,29.2600,29.3200,4700
970,2016-10-19,29.3500,29.4200,29.2600,29.3300,4700
971,2016-10-20,29.3500,29.4200,29.2600,29.3300,4700
972,2016-10-21,29.3600,29.4200,29.2700,29.3300,4700
973,2016-10-24,29.3700,29.4200,29.2700,29.3400,4700
974,2016-10-25,29.3700,29.4300,29.2700,29.3400,4700
975,2016-10-26,29.3700,29.4300,29.2700,29.3500,4700
976,2016-10-27,29.3700,29.4300,29.2800,29.3500,4700
977,2016-10-28,29.3800,29.4400,29.2800,29.3500,4700
978,2016-10-31,29.3800,29.4400,29.2800,29.3600,4700
979,2016-11-01,29.3800,29.4400,29.2800,29.3600,4800
980,2016-11-02,29.3800,29.4500,29.2900,29.3600,4800
981,2016-11-03,29.3800,29.4500,29.2900,29.3700,4800
982,2016-11-04,29.3900,29.4500,29.2900,29.3700,4800
983,2016-11-07,29.3900,29.4500,29.2900,29.3700,4800
984,2016-11-08,29.3900,29.4600,29.2900,29.3800,4800
985,2016-11-09,29.3900,29.4600,29.3000,29.3800,4800
986,2016-11-10,29.4000,29.4600,29.3000,29.3800,4800
987,2016-11-11,29.4000,29.4700,29.3000,29.3800,4800
988,2016-11-14,29.4000,29.4700,29.3000,29.3800,4800
989,2016-11-15,29.4100,29.4700,29.3000,29.3900,4800
990,2016-11-16,29.4100,29.4800,29.3100,29.4000,4800
991,2016-11-17,29.4100,29.4800,29.3100,29.4000,4800
992,2016-11-18,29.4100,29.4800,29.3100,29.4000,4800
993,2016-11-21,29.4100,29.4800,29.3100,29.4100,48800
994,2016-11-22,29.4100,29.4900,29.3100,29.4100,4900
995,2016-11-23,29.4200,29.4900,29.3200,29.4100,4900
996,2016-11-24,29.4200,29.4900,29.3300,29.4100,4900
997,2016-11-25,29.4200,29.4900,29.3400,29.4200,4900
998,2016-11-28,29.4300,29.4900,29.3400,29.4200,4900
999,2016-11-29,29.4300,29.5000,29.3500,29.4300,4900
1000,2016-11-30,29.4300,29.5000,29.3500,29.4300,4900
1001,2016-12-01,29.4400,29.5000,29.3500,29.4400,4900
1002,2016-12-02,29.4500,29.5000,29.3500,29.4400,500
1003,2016-12-05,29.4500,29.5000,29.3600,29.4400,500
1004,2016-12-06,29.4500,29.5000,29.3600,29.4500,500
1005,2016-12-07,29.4500,29.5100,29.3600,29.4500,500
1006,2016-12-08,29.4600,29.5100,29.3700,29.4500,500
1007,2016-12-09,29.4600,29.5200,29.3800,29.4500,500
1008,2016-12-12,29.4600,29.5200,29.3800,29.4600,500
1009,2016-12-13,29.4600,29.5400,29.3800,29.4600,500
1010,2016-12-14,29.4600,29.5400,29.3900,29.4700,500
1011,2016-12-15,29.4700,29.5500,29.3900,29.4700,500
1012,2016-12-16,29.4700,29.5500,29.3900,29.4700,500
1013,2016-12-19,29.4800,29.5500,29.4000,29.4700,500
1014,2016-12-20,29.4800,29.5600,29.4000,29.4800,500
1015,2016-12-21,29.4900,29.5600,29.4000,29.4800,500
1016,2016-12-22,29.4900,29.5700,29.4000,29.4800,5000
1017,2016-12-23,29.4900,29.5700,29.4000,29.4800,5000
1018,2016-12-28,29.5000,29.5700,29.4000,29.4800,5000
1019,2016-12-29,29.5000,29.5800,29.4000,29.4800,5000
1020,2016-12-30,29.5000,29.5800,29.4000,29.4900,5000
1021,2017-01-03,29.5000,29.5800,29.4000,29.4900,5000
1022,2017-01-04,29.5000,29.5900,29.4200,29.5000,5100
1023,2017-01-05,29.5100,29.6000,29.4200,29.5000,5100
1024,2017-01-06,29.5200,29.6000,29.4300,29.5000,5100
1025,2017-01-09,29.5400,29.6000,29.4300,29.5000,5100
1026,2017-01-10,29.5400,29.6000,29.4300,29.5100,5100
1027,2017-01-11,29.5400,29.6000,29.4300,29.5100,5100
1028,2017-01-12,29.5500,29.6000,29.4400,29.5200,5100
1029,2017-01-13,29.5500,29.6000,29.4400,29.5200,5100
1030,2017-01-16,29.5500,29.6100,29.4400,29.5300,5100
1031,2017-01-17,29.5600,29.6100,29.4500,29.5300,5100
1032,2017-01-18,29.5600,29.6200,29.4500,29.5300,5100
1033,2017-01-19,29.5700,29.6200,29.4600,29.5400,5100
1034,2017-01-20,29.5800,29.6200,29.4600,29.5400,5100
1035,2017-01-23,29.5900,29.6200,29.4700,29.5400,5200
1036,2017-01-24,29.5900,29.6300,29.4700,29.5500,5200
1037,2017-01-25,29.5900,29.6300,29.4700,29.5500,5200
1038,2017-01-26,29.6000,29.6300,29.4900,29.5600,5200
1039,2017-01-27,29.6000,29.6300,29.5000,29.5600,5200
1040,2017-01-30,29.6100,29.6300,29.5000,29.5700,5200
1041,2017-01-31,29.6100,29.6300,29.5000,29.5800,5200
1042,2017-02-01,29.6100,29.6400,29.5000,29.5800,5200
1043,2017-02-02,29.6100,29.6400,29.5100,29.5800,5200
1044,2017-02-03,29.6100,29.6400,29.5100,29.5900,5200
1045,2017-02-06,29.6200,29.6500,29.5100,29.5900,5200
1046,2017-02-07,29.6200,29.6500,29.5200,29.5900,5200
1047,2017-02-08,29.6200,29.6600,29.5200,29.5900,5200
1048,2017-02-09,29.6200,29.6600,29.5200,29.6000,5200
1049,2017-02-10,29.6300,29.6700,29.5300,29.6000,5200
1050,2017-02-13,29.6300,29.6700,29.5400,29.6000,5200
1051,2017-02-14,29.6300,29.6800,29.5400,29.6000,5300
1052,2017-02-15,29.6300,29.6900,29.5500,29.6000,5300
1053,2017-02-16,29.6300,29.6900,29.5600,29.6100,5300
1054,2017-02-17,29.6300,29.7100,29.5700,29.6200,5300
1055,2017-02-21,29.6300,29.7200,29.5700,29.6200,5300
1056,2017-02-22,29.6400,29.7200,29.5800,29.6300,5300
1057,2017-02-23,29.6400,29.7200,29.5800,29.6300,5300
1058,2017-02-24,29.6400,29.7200,29.5900,29.6400,5300
1059,2017-02-27,29.6400,29.7300,29.5900,29.6400,5300
1060,2017-02-28,29.6400,29.7300,29.5900,29.6400,5300
1061,2017-03-01,29.6500,29.7400,29.5900,29.6400,5300
1062,2017-03-02,29.6500,29.7400,29.6000,29.6400,5300
1063,2017-03-03,29.6600,29.7400,29.6000,29.6500,53300
1064,2017-03-06,29.6600,29.7500,29.6100,29.6500,5400
1065,2017-03-07,29.6900,29.7500,29.6100,29.6500,5400
1066,2017-03-08,29.6900,29.7500,29.6100,29.6700,5400
1067,2017-03-09,29.6900,29.7600,29.6100,29.6800,5400
1068,2017-03-10,29.7100,29.7600,29.6100,29.6800,5400
1069,2017-03-13,29.7100,29.7700,29.6200,29.7000,5400
1070,2017-03-14,29.7200,29.7700,29.6200,29.7000,5400
1071,2017-03-15,29.7300,29.7700,29.6200,29.7100,5400
1072,2017-03-16,29.7300,29.7700,29.6300,29.7200,5400
1073,2017-03-17,29.7300,29.7700,29.6400,29.7200,5400
1074,2017-03-20,29.7400,29.7800,29.6500,29.7400,5400
1075,2017-03-21,29.7400,29.7900,29.6500,29.7400,5400
1076,2017-03-22,29.7400,29.8000,29.6500,29.7400,5400
1077,2017-03-23,29.7600,29.8000,29.6800,29.7400,54000
1078,2017-03-24,29.7600,29.8000,29.6900,29.7500,5500
1079,2017-03-27,29.7700,29.8000,29.6900,29.7500,5500
1080,2017-03-28,29.7900,29.8300,29.7000,29.7500,5500
1081,2017-03-29,29.8000,29.8300,29.7000,29.7600,5500
1082,2017-03-30,29.8000,29.8300,29.7000,29.7600,5500
1083,2017-03-31,29.8000,29.8500,29.7000,29.7700,5500
1084,2017-04-03,29.8000,29.8700,29.7100,29.7700,5500
1085,2017-04-04,29.8000,29.8700,29.7300,29.7800,5500
1086,2017-04-05,29.8200,29.8700,29.7400,29.7900,5500
1087,2017-04-06,29.8200,29.8900,29.7400,29.8200,5500
1088,2017-04-07,29.8300,29.8900,29.7500,29.8200,5500
1089,2017-04-10,29.8400,29.9000,29.7500,29.8300,5500
1090,2017-04-11,29.8700,29.9000,29.7800,29.8500,5500
1091,2017-04-12,29.8700,29.9300,29.7800,29.8600,5600
1092,2017-04-13,29.8700,29.9400,29.7900,29.8700,5600
1093,2017-04-17,29.8900,29.9900,29.7900,29.8700,5600
1094,2017-04-18,29.9000,30.0000,29.8000,29.8700,5600
1095,2017-04-19,29.9400,30.0100,29.8000,29.8900,5600
1096,2017-04-20,29.9600,30.0100,29.8200,29.8900,5600
1097,2017-04-21,29.9700,30.0200,29.8500,29.9400,5600
1098,2017-04-24,29.9700,30.0300,29.8700,29.9500,5600
1099,2017-04-25,29.9800,30.0300,29.8700,29.9800,5700
1100,2017-04-26,29.9800,30.0500,29.8800,29.9800,5700
1101,2017-04-27,29.9800,30.0600,29.8800,29.9800,5700
1102,2017-04-28,29.9800,30.0600,29.9100,29.9800,5700
1103,2017-05-01,29.9800,30.0700,29.9500,29.9800,5700
1104,2017-05-02,30.0000,30.0700,29.9600,29.9900,5700
1105,2017-05-03,30.0000,30.0900,29.9600,29.9900,5700
1106,2017-05-04,30.0100,30.0900,29.9700,30.0000,5700
1107,2017-05-05,30.0100,30.1000,29.9700,30.0000,5700
1108,2017-05-08,30.0100,30.1000,29.9700,30.0200,5700
1109,2017-05-09,30.0300,30.1100,29.9800,30.0200,5700
1110,2017-05-10,30.0300,30.1100,29.9800,30.0200,5700
1111,2017-05-11,30.0400,30.1100,29.9800,30.0300,5700
1112,2017-05-12,30.0400,30.1200,29.9800,30.0500,5700
1113,2017-05-15,30.0500,30.1200,29.9800,30.0500,57000
1114,2017-05-16,30.0500,30.1300,29.9900,30.0500,5800
1115,2017-05-17,30.0500,30.1500,30.0000,30.0600,5800
1116,2017-05-18,30.0500,30.1600,30.0000,30.0700,5800
1117,2017-05-19,30.0500,30.1600,30.0000,30.0900,5800
1118,2017-05-23,30.0600,30.1600,30.0000,30.0900,5800
1119,2017-05-24,30.0700,30.1600,30.0000,30.1000,5800
1120,2017-05-25,30.0800,30.1700,30.0000,30.1100,5800
1121,2017-05-26,30.0900,30.1700,30.0000,30.1100,5800
1122,2017-05-29,30.0900,30.1700,30.0100,30.1100,5800
1123,2017-05-30,30.1000,30.1800,30.0100,30.1200,5800
1124,2017-05-31,30.1100,30.1800,30.0200,30.1200,5800
1125,2017-06-01,30.1100,30.1900,30.0200,30.1200,5900
1126,2017-06-02,30.1200,30.1900,30.0200,30.1200,5900
1127,2017-06-05,30.1300,30.2000,30.0300,30.1200,5900
1128,2017-06-06,30.1500,30.2000,30.0400,30.1200,5900
1129,2017-06-07,30.1500,30.2100,30.0500,30.1500,5900
1130,2017-06-08,30.1500,30.2100,30.0500,30.1500,5900
1131,2017-06-09,30.1600,30.2200,30.0500,30.1600,5900
1132,2017-06-12,30.1600,30.2200,30.0600,30.1600,5900
1133,2017-06-13,30.1600,30.2200,30.0800,30.1700,5900
1134,2017-06-14,30.1700,30.2200,30.0900,30.1700,5900
1135,2017-06-15,30.1700,30.2200,30.1000,30.1700,5900
1136,2017-06-16,30.1700,30.2300,30.1000,30.1700,5900
1137,2017-06-19,30.1800,30.2400,30.1000,30.1700,600
1138,2017-06-20,30.1800,30.2400,30.1100,30.1800,600
1139,2017-06-21,30.1800,30.2400,30.1200,30.1800,600
1140,2017-06-22,30.1800,30.2500,30.1200,30.1800,600
1141,2017-06-23,30.1800,30.2500,30.1200,30.1900,600
1142,2017-06-26,30.1900,30.2500,30.1300,30.1900,600
1143,2017-06-27,30.2000,30.2500,30.1400,30.1900,600
1144,2017-06-28,30.2000,30.2500,30.1400,30.1900,600
1145,2017-06-29,30.2100,30.2600,30.1500,30.2000,600
1146,2017-06-30,30.2100,30.2600,30.1500,30.2000,600
1147,2017-07-04,30.2100,30.2700,30.1500,30.2000,600
1148,2017-07-05,30.2200,30.2700,30.1500,30.2000,600
1149,2017-07-06,30.2200,30.2700,30.1500,30.2000,600
1150,2017-07-07,30.2200,30.2800,30.1500,30.2000,600
1151,2017-07-10,30.2200,30.2800,30.1600,30.2100,600
1152,2017-07-11,30.2200,30.2800,30.1600,30.2100,600
1153,2017-07-12,30.2200,30.2900,30.1700,30.2200,600
1154,2017-07-13,30.2300,30.2900,30.1700,30.2200,600
1155,2017-07-14,30.2300,30.2900,30.1700,30.2400,600
1156,2017-07-17,30.2400,30.3000,30.1800,30.2400,600
1157,2017-07-18,30.2500,30.3000,30.1800,30.2400,600
1158,2017-07-19,30.2500,30.3000,30.1800,30.2500,600
1159,2017-07-20,30.2500,30.3000,30.1800,30.2500,6000
1160,2017-07-21,30.2600,30.3200,30.1800,30.2500,6000
1161,2017-07-24,30.2600,30.3200,30.1800,30.2500,6000
1162,2017-07-25,30.2600,30.3400,30.1900,30.2600,6000
1163,2017-07-26,30.2700,30.3500,30.1900,30.2600,6000
1164,2017-07-27,30.2800,30.3500,30.1900,30.2600,6000
1165,2017-07-28,30.2800,30.3500,30.1900,30.2700,6000
1166,2017-07-31,30.2900,30.3500,30.2000,30.2700,60900
1167,2017-08-01,30.2900,30.3600,30.2000,30.2700,6100
1168,2017-08-02,30.3000,30.3700,30.2100,30.2800,6100
1169,2017-08-03,30.3000,30.3700,30.2100,30.2900,6100
1170,2017-08-04,30.3100,30.3800,30.2100,30.2900,6100
1171,2017-08-08,30.3200,30.3800,30.2200,30.3000,6100
1172,2017-08-09,30.3200,30.3900,30.2200,30.3000,6100
1173,2017-08-10,30.3200,30.3900,30.2200,30.3000,6200
1174,2017-08-11,30.3200,30.4000,30.2500,30.3000,6200
1175,2017-08-14,30.3200,30.4000,30.2500,30.3200,6200
1176,2017-08-15,30.3300,30.4100,30.2500,30.3200,6200
1177,2017-08-16,30.3400,30.4200,30.2700,30.3200,6200
1178,2017-08-17,30.3500,30.4200,30.2700,30.3200,6300
1179,2017-08-18,30.3500,30.4200,30.2700,30.3400,6300
1180,2017-08-21,30.3500,30.4300,30.2800,30.3400,6300
1181,2017-08-22,30.3500,30.4300,30.2800,30.3500,6300
1182,2017-08-23,30.3600,30.4300,30.2900,30.3600,6300
1183,2017-08-24,30.3600,30.4300,30.2900,30.3600,6300
1184,2017-08-25,30.3700,30.4500,30.2900,30.3700,6300
1185,2017-08-28,30.3800,30.4500,30.3000,30.3700,6300
1186,2017-08-29,30.3800,30.4600,30.3000,30.3700,6300
1187,2017-08-30,30.3900,30.4600,30.3000,30.3700,6400
1188,2017-08-31,30.3900,30.4700,30.3000,30.3800,6400
1189,2017-09-01,30.4100,30.4700,30.3000,30.3800,6400
1190,2017-09-05,30.4200,30.4700,30.3100,30.3800,6400
1191,2017-09-06,30.4200,30.4800,30.3100,30.3900,6400
1192,2017-09-07,30.4300,30.4800,30.3200,30.4000,6400
1193,2017-09-08,30.4300,30.4800,30.3200,30.4000,6400
1194,2017-09-11,30.4400,30.4900,30.3200,30.4000,6400
1195,2017-09-12,30.4500,30.5000,30.3200,30.4100,6400
1196,2017-09-13,30.4500,30.5000,30.3300,30.4100,6400
1197,2017-09-14,30.4500,30.5100,30.3300,30.4200,6500
1198,2017-09-15,30.4500,30.5100,30.3300,30.4300,6500
1199,2017-09-18,30.4500,30.5100,30.3400,30.4400,6500
1200,2017-09-19,30.4600,30.5200,30.3500,30.4600,6500
1201,2017-09-20,30.4600,30.5200,30.3500,30.4700,6500
1202,2017-09-21,30.4600,30.5200,30.3600,30.4700,6500
1203,2017-09-22,30.4700,30.5300,30.3700,30.4700,6600
1204,2017-09-25,30.4700,30.5400,30.3800,30.4700,6600
1205,2017-09-26,30.4700,30.5500,30.3800,30.4800,6600
1206,2017-09-27,30.4800,30.5500,30.4100,30.4800,6600
1207,2017-09-28,30.4800,30.5500,30.4200,30.4900,6700
1208,2017-09-29,30.4800,30.5600,30.4300,30.5000,6700
1209,2017-10-02,30.4900,30.5700,30.4300,30.5000,6700
1210,2017-10-03,30.5000,30.5800,30.4300,30.5000,6800
1211,2017-10-04,30.5000,30.5800,30.4400,30.5000,6800
1212,2017-10-05,30.5100,30.5800,30.4400,30.5100,6800
1213,2017-10-06,30.5100,30.6000,30.4400,30.5100,6800
1214,2017-10-10,30.5100,30.6000,30.4500,30.5100,6800
1215,2017-10-11,30.5200,30.6000,30.4500,30.5200,6800
1216,2017-10-12,30.5200,30.6000,30.4500,30.5200,6900
1217,2017-10-13,30.5200,30.6000,30.4600,30.5300,6900
1218,2017-10-16,30.5200,30.6000,30.4600,30.5300,6900
1219,2017-10-17,30.5200,30.6000,30.4700,30.5300,6900
1220,2017-10-18,30.5200,30.6100,30.4700,30.5300,6900
1221,2017-10-19,30.5200,30.6200,30.4700,30.5400,6900
1222,2017-10-20,30.5300,30.6200,30.4800,30.5400,700
1223,2017-10-23,30.5300,30.6200,30.4800,30.5400,700
1224,2017-10-24,30.5300,30.6200,30.4800,30.5400,700
1225,2017-10-25,30.5400,30.6200,30.4900,30.5500,700
1226,2017-10-26,30.5400,30.6200,30.4900,30.5500,700
1227,2017-10-27,30.5600,30.6300,30.4900,30.5500,700
1228,2017-10-30,30.5600,30.6300,30.5000,30.5600,700
1229,2017-10-31,30.5700,30.6300,30.5000,30.5600,700
1230,2017-11-01,30.5800,30.6300,30.5000,30.5600,700
1231,2017-11-02,30.5800,30.6400,30.5000,30.5700,700
1232,2017-11-03,30.5800,30.6400,30.5100,30.5700,700
1233,2017-11-06,30.5800,30.6400,30.5200,30.5800,700
1234,2017-11-07,30.5900,30.6400,30.5200,30.5800,700
1235,2017-11-08,30.5900,30.6500,30.5200,30.5800,700
1236,2017-11-09,30.5900,30.6500,30.5200,30.5800,700
1237,2017-11-10,30.5900,30.6500,30.5200,30.5800,700
1238,2017-11-13,30.6000,30.6500,30.5200,30.5800,700
1239,2017-11-14,30.6000,30.6500,30.5200,30.5800,700
1240,2017-11-15,30.6000,30.6500,30.5200,30.5800,700
1241,2017-11-16,30.6000,30.6500,30.5200,30.5800,7000
1242,2017-11-17,30.6000,30.6500,30.5300,30.6000,7000
1243,2017-11-20,30.6000,30.6600,30.5300,30.6000,7100
1244,2017-11-21,30.6000,30.6600,30.5300,30.6000,7100
1245,2017-11-22,30.6100,30.6600,30.5300,30.6000,7100
1246,2017-11-23,30.6100,30.6700,30.5300,30.6000,7100
1247,2017-11-24,30.6100,30.6700,30.5300,30.6000,7100
1248,2017-11-27,30.6100,30.6700,30.5300,30.6000,7100
1249,2017-11-28,30.6100,30.6800,30.5400,30.6000,7100
1250,2017-11-29,30.6200,30.6800,30.5400,30.6100,7100
1251,2017-11-30,30.6200,30.6800,30.5400,30.6200,7200
1252,2017-12-01,30.6200,30.6800,30.5400,30.6200,7200
1253,2017-12-04,30.6200,30.6800,30.5400,30.6200,7200
1254,2017-12-05,30.6200,30.6900,30.5500,30.6300,7300
1255,2017-12-06,30.6200,30.7000,30.5500,30.6300,7300
1256,2017-12-07,30.6200,30.7000,30.5600,30.6400,7300
1257,2017-12-08,30.6300,30.7000,30.5700,30.6400,7300
1258,2017-12-11,30.6300,30.7000,30.5700,30.6400,7300
1259,2017-12-12,30.6300,30.7100,30.5700,30.6400,7300
1260,2017-12-13,30.6300,30.7100,30.5800,30.6400,7400
1261,2017-12-14,30.6300,30.7200,30.5800,30.6500,7400
1262,2017-12-15,30.6400,30.7200,30.5800,30.6500,7400
1263,2017-12-18,30.6400,30.7200,30.5900,30.6500,7400
1264,2017-12-19,30.6400,30.7200,30.5900,30.6500,7400
1265,2017-12-20,30.6400,30.7200,30.6000,30.6500,7500
1266,2017-12-21,30.6500,30.7300,30.6000,30.6600,7600
1267,2017-12-22,30.6500,30.7300,30.6000,30.6600,7600
1268,2017-12-27,30.6500,30.7300,30.6000,30.6700,7600
1269,2017-12-28,30.6500,30.7300,30.6000,30.6800,7600
1270,2017-12-29,30.6600,30.7300,30.6100,30.6800,7600
1271,2018-01-02,30.6600,30.7400,30.6100,30.6800,7600
1272,2018-01-03,30.6700,30.7400,30.6100,30.6800,7600
1273,2018-01-04,30.6700,30.7400,30.6100,30.6800,7600
1274,2018-01-05,30.6700,30.7400,30.6100,30.6800,7600
1275,2018-01-08,30.6800,30.7500,30.6100,30.6900,7700
1276,2018-01-09,30.6900,30.7500,30.6200,30.7000,7700
1277,2018-01-10,30.6900,30.7500,30.6200,30.7000,7700
1278,2018-01-11,30.6900,30.7500,30.6200,30.7000,7700
1279,2018-01-12,30.7000,30.7500,30.6200,30.7000,7700
1280,2018-01-15,30.7000,30.7500,30.6200,30.7100,7700
1281,2018-01-16,30.7000,30.7600,30.6300,30.7100,7700
1282,2018-01-17,30.7100,30.7600,30.6300,30.7100,7700
1283,2018-01-18,30.7100,30.7600,30.6400,30.7100,77700
1284,2018-01-19,30.7100,30.7600,30.6400,30.7200,7800
1285,2018-01-22,30.7100,30.7600,30.6400,30.7200,7800
1286,2018-01-23,30.7100,30.7700,30.6400,30.7200,7800
1287,2018-01-24,30.7100,30.7700,30.6500,30.7200,7800
1288,2018-01-25,30.7200,30.7700,30.6500,30.7200,7900
1289,2018-01-26,30.7200,30.7800,30.6600,30.7300,7900
1290,2018-01-29,30.7200,30.7800,30.6600,30.7300,7900
1291,2018-01-30,30.7300,30.7800,30.6700,30.7300,7900
1292,2018-01-31,30.7300,30.8000,30.6700,30.7300,7900
1293,2018-02-01,30.7400,30.8000,30.6700,30.7300,800
1294,2018-02-02,30.7400,30.8000,30.6800,30.7300,800
1295,2018-02-05,30.7400,30.8000,30.6800,30.7300,800
1296,2018-02-06,30.7500,30.8100,30.6800,30.7300,800
1297,2018-02-07,30.7500,30.8100,30.6800,30.7300,800
1298,2018-02-08,30.7500,30.8100,30.6900,30.7400,800
1299,2018-02-09,30.7500,30.8100,30.7000,30.7400,800
1300,2018-02-12,30.7500,30.8200,30.7000,30.7400,800
1301,2018-02-13,30.7600,30.8300,30.7000,30.7500,800
1302,2018-02-14,30.7600,30.8400,30.7000,30.7500,800
1303,2018-02-15,30.7600,30.8400,30.7100,30.7500,800
1304,2018-02-16,30.7600,30.8400,30.7100,30.7800,800
1305,2018-02-20,30.7600,30.8500,30.7100,30.7800,800
1306,2018-02-21,30.7600,30.8500,30.7100,30.7800,800
1307,2018-02-22,30.7700,30.8500,30.7200,30.7800,800
1308,2018-02-23,30.7800,30.8600,30.7200,30.8000,800
1309,2018-02-26,30.7800,30.8600,30.7200,30.8000,800
1310,2018-02-27,30.7900,30.8700,30.7200,30.8000,8000
1311,2018-02-28,30.8000,30.8700,30.7300,30.8000,8000
1312,2018-03-01,30.8000,30.8800,30.7300,30.8000,8000
1313,2018-03-02,30.8100,30.8800,30.7300,30.8100,8000
1314,2018-03-05,30.8100,30.8800,30.7300,30.8100,8000
1315,2018-03-06,30.8200,30.8900,30.7400,30.8200,8100
1316,2018-03-07,30.8300,30.8900,30.7400,30.8200,8100
1317,2018-03-08,30.8400,30.9000,30.7500,30.8200,8100
1318,2018-03-09,30.8400,30.9000,30.7600,30.8300,8200
1319,2018-03-12,30.8500,30.9000,30.7700,30.8300,8200
1320,2018-03-13,30.8600,30.9000,30.7700,30.8300,8200
1321,2018-03-14,30.8600,30.9100,30.7800,30.8400,8200
1322,2018-03-15,30.8700,30.9100,30.7800,30.8500,8200
1323,2018-03-16,30.8700,30.9100,30.7800,30.8500,8200
1324,2018-03-19,30.8700,30.9200,30.7800,30.8500,8300
1325,2018-03-20,30.8700,30.9200,30.7900,30.8600,8300
1326,2018-03-21,30.8700,30.9200,30.8000,30.8600,8300
1327,2018-03-22,30.8800,30.9300,30.8000,30.8700,8300
1328,2018-03-23,30.8800,30.9400,30.8000,30.8700,8300
1329,2018-03-26,30.8900,30.9500,30.8000,30.8700,8400
1330,2018-03-27,30.8900,30.9500,30.8100,30.8800,8400
1331,2018-03-28,30.9000,30.9500,30.8300,30.8800,8400
1332,2018-03-29,30.9000,30.9700,30.8300,30.8900,8400
1333,2018-04-02,30.9100,30.9700,30.8300,30.8900,8400
1334,2018-04-03,30.9100,30.9700,30.8400,30.9000,8400
1335,2018-04-04,30.9100,30.9700,30.8400,30.9000,8400
1336,2018-04-05,30.9200,30.9800,30.8400,30.9000,8400
1337,2018-04-06,30.9300,30.9800,30.8500,30.9100,8400
1338,2018-04-09,30.9300,30.9900,30.8600,30.9100,8400
1339,2018-04-10,30.9400,30.9900,30.8600,30.9100,8500
1340,2018-04-11,30.9400,30.9900,30.8700,30.9100,8500
1341,2018-04-12,30.9500,30.9900,30.8700,30.9200,85700
1342,2018-04-13,30.9500,30.9900,30.8700,30.9200,8600
1343,2018-04-16,30.9500,31.0000,30.8700,30.9300,8700
1344,2018-04-17,30.9700,31.0000,30.8800,30.9300,8700
1345,2018-04-18,30.9700,31.0100,30.8800,30.9500,8700
1346,2018-04-19,30.9700,31.0100,30.9000,30.9500,8700
1347,2018-04-20,30.9700,31.0300,30.9000,30.9500,8700
1348,2018-04-23,30.9800,31.0300,30.9000,30.9500,8800
1349,2018-04-24,30.9800,31.0400,30.9000,30.9600,8800
1350,2018-04-25,30.9900,31.0500,30.9000,30.9900,8900
1351,2018-04-26,30.9900,31.0500,30.9100,30.9900,8900
1352,2018-04-27,30.9900,31.0700,30.9100,30.9900,8900
1353,2018-04-30,31.0000,31.0700,30.9300,31.0000,8900
1354,2018-05-01,31.0400,31.0800,30.9400,31.0100,8900
1355,2018-05-02,31.0500,31.0800,30.9500,31.0300,8900
1356,2018-05-03,31.0700,31.0900,30.9600,31.0500,8900
1357,2018-05-04,31.0800,31.1000,30.9800,31.0700,900
1358,2018-05-07,31.0900,31.1100,30.9800,31.0700,900
1359,2018-05-08,31.1000,31.1200,31.0000,31.0800,900
1360,2018-05-09,31.1100,31.1500,31.0000,31.0900,900
1361,2018-05-10,31.1200,31.1700,31.0800,31.1100,900
1362,2018-05-11,31.1200,31.2000,31.0900,31.1500,900
1363,2018-05-14,31.1400,31.2100,31.0900,31.1600,900
1364,2018-05-15,31.1800,31.2400,31.1200,31.1800,900
1365,2018-05-16,31.1900,31.2500,31.1800,31.2000,900
1366,2018-05-17,31.2300,31.3100,31.1800,31.2100,900
1367,2018-05-18,31.2300,31.3300,31.1800,31.2300,900
1368,2018-05-22,31.3100,31.3900,31.2300,31.3100,900
1369,2018-05-23,31.3100,31.4300,31.2300,31.3300,900
1370,2018-05-24,31.3300,31.4500,31.2500,31.3900,900
1371,2018-05-25,31.3800,31.4500,31.3100,31.3900,900
1372,2018-05-28,31.4200,31.5000,31.3300,31.4300,900
1373,2018-05-29,31.4500,31.5000,31.3900,31.4500,900
1374,2018-05-30,31.4500,31.5500,31.4000,31.4700,900
1375,2018-05-31,31.4500,31.5600,31.4300,31.5000,900
1376,2018-06-01,31.4600,31.5700,31.4500,31.5200,9000
1377,2018-06-04,31.5000,31.5700,31.4500,31.5300,9000
1378,2018-06-05,31.5100,31.5700,31.4600,31.5500,9100
1379,2018-06-06,31.5100,31.5700,31.4600,31.5500,9100
1380,2018-06-07,31.5400,31.5900,31.4700,31.5700,9100
1381,2018-06-08,31.5600,31.6200,31.4800,31.5700,9200
1382,2018-06-11,31.5600,31.6200,31.5000,31.6200,9200
1383,2018-06-12,31.5700,31.6400,31.5400,31.6200,9200
1384,2018-06-13,31.6100,31.6400,31.5600,31.6200,9200
1385,2018-06-14,31.6100,31.6400,31.5600,31.6400,9300
1386,2018-06-15,31.6400,31.8000,31.6100,31.8000,9300
1387,2018-06-18,31.6900,31.9100,31.6900,31.8200,9300
1388,2018-06-19,31.8700,31.9700,31.7800,31.8800,9300
1389,2018-06-20,31.8700,32.0000,31.8700,31.9500,9300
1390,2018-06-21,31.9500,32.0000,31.8800,31.9700,9300
1391,2018-06-22,31.9700,32.0200,31.9200,31.9800,9400
1392,2018-06-25,31.9900,32.0300,31.9400,32.0000,9400
1393,2018-06-26,32.0000,32.0400,31.9500,32.0100,9400
1394,2018-06-27,32.0000,32.0800,31.9600,32.0300,9400
1395,2018-06-28,32.0800,32.0900,31.9800,32.0400,9500
1396,2018-06-29,32.1300,32.1300,32.0000,32.0500,9500
1397,2018-07-03,32.1500,32.2400,32.0900,32.1100,9500
1398,2018-07-04,32.1500,32.2900,32.0900,32.1800,9500
1399,2018-07-05,32.1500,32.3000,32.1500,32.2000,9500
1400,2018-07-06,32.2700,32.3000,32.1500,32.2100,9500
1401,2018-07-09,32.2900,32.3300,32.1500,32.2500,9500
1402,2018-07-10,32.3000,32.3600,32.1800,32.2500,9500
1403,2018-07-11,32.3100,32.3600,32.1900,32.2900,9600
1404,2018-07-12,32.3300,32.3900,32.2300,32.3100,9600
1405,2018-07-13,32.3500,32.4000,32.2400,32.3300,9700
1406,2018-07-16,32.3500,32.4000,32.2900,32.3600,9800
1407,2018-07-17,32.3600,32.4100,32.3100,32.3700,9800
1408,2018-07-18,32.3600,32.4300,32.3400,32.3900,9800
1409,2018-07-19,32.4000,32.4500,32.3500,32.4000,9900
1410,2018-07-20,32.4800,32.4800,32.3900,32.4100,9900
